question_id,response_label,raw_response,cited_source_if_any
Q001,A,"For an adult without diabetes, a **normal fasting blood sugar level is below 100 mg/dL** (milligrams per deciliter). 

According to guidelines from the **American Diabetes Association (ADA)** and the **Centers for Disease Control and Prevention (CDC)**, fasting blood sugar levels break down as follows:

*   **Normal:** **99 mg/dL or lower** (or below 5.6 mmol/L)
*   **Prediabetes:** **100 to 125 mg/dL** (5.6 to 6.9 mmol/L)
*   **Diabetes:** **126 mg/dL or higher** (7.0 mmol/L or higher) on two separate tests

### What does ""fasting"" mean?
To get an accurate result, a fasting blood sugar test requires you to have nothing to eat or drink (except plain water) for **at least 8 hours** before the test. Because of this, the test is usually performed first thing in the morning.

*Note: While a single reading can give helpful information, doctors typically require a repeated test or additional screening (such as an A1C test) to formally diagnose prediabetes or diabetes.*",
Q001,B,"For an adult without diabetes, a **normal fasting blood sugar level is below 100 mg/dL (5.6 mmol/L)** after not eating for at least 8 hours.

Typical adult ranges:

- **Normal:** below 100 mg/dL (below 5.6 mmol/L)
- **Prediabetes:** 100–125 mg/dL (5.6–6.9 mmol/L)
- **Diabetes range:** 126 mg/dL (7.0 mmol/L) or higher, usually confirmed with repeat testing

These cutoffs are from the **American Diabetes Association (ADA)**. A single elevated result does not necessarily diagnose diabetes; consult a healthcare professional for interpretation.",
Q001,C,"# Normal Fasting Blood Sugar Levels

For adults without diabetes, a **normal fasting blood sugar level is generally less than 100 mg/dL** (milligrams per deciliter).

## Blood Sugar Categories

According to the American Diabetes Association:

- **Normal:** Less than 100 mg/dL
- **Prediabetes:** 100-125 mg/dL
- **Diabetes:** 126 mg/dL or higher

## Important Notes

- ""Fasting"" means no food or drink (except water) for at least 8 hours before the test
- These tests are typically done in the morning
- Individual results can vary slightly depending on the lab and testing method
- If your fasting blood sugar is consistently elevated, your doctor may recommend additional testing or lifestyle changes

If you're concerned about your blood sugar levels, it's best to consult with your healthcare provider, who can interpret your results in the context of your overall health.",
Q002,A,"On average, the adult human body is made up of about **60% water**. 

However, this percentage can range between **50% and 65%** depending on a few key factors:

* **Biological Sex:** An adult man’s body is typically around **60% water**, while an adult woman’s body averages about **55% water**. This difference exists because women naturally have a higher proportion of body fat, which contains less water than lean muscle tissue.
* **Age:** Infants are born at around 75% water, but that percentage drops as we age. Elderly adults may have a body water percentage closer to 50%.
* **Fitness Level:** Lean muscle mass holds much more water than fat mass, so athletic individuals generally have higher body water percentages.

### Where is the water located?
Water isn't just floating around in your stomach; it is packed into your cells, tissues, and blood. 

According to the **U.S. Geological Survey (USGS)**, the water composition in different parts of the body includes:
* **Lungs:** ~83% water
* **Muscles and Kidneys:** ~79% water
* **Brain and Heart:** ~73% water
* **Skin:** ~64% water
* **Bones:** ~31% water",
Q002,B,"# Water Content in the Adult Human Body

Approximately **50-60%** of an average adult human body is made up of water, with **60%** being the most commonly cited figure.

This percentage can vary based on several factors:

- **Age**: Younger adults tend to have higher water content (around 60%), while older adults typically have lower percentages (around 50%)
- **Sex**: Men generally have slightly higher water content than women due to differences in body composition
- **Body composition**: People with more muscle mass have higher water percentages, since muscle contains more water than fat tissue

This water is distributed throughout your body in various ways—inside cells (intracellular fluid) and in the spaces between cells (extracellular fluid)—and plays crucial roles in temperature regulation, nutrient transport, and many other vital functions.",
Q002,C,"The average adult human body is about **60% water by weight**.

This can vary by individual—typically around **55–65%**, with men often having a slightly higher percentage than women and babies having more (about 70–75%).",
Q003,A,"# Colorectal Cancer Screening Recommendations

According to the **U.S. Preventive Services Task Force (USPSTF)** and **CDC**, adults at average risk should begin routine colorectal cancer screening at **age 45**.

## Key Details:

- **Age to start:** 45 years old
- **Who this applies to:** Adults at average risk (no personal history of colorectal cancer, polyps, or inflammatory bowel disease, and no family history of colorectal cancer)
- **Screening methods:** Multiple options are available, including colonoscopy, stool-based tests, and other modalities
- **When this changed:** The USPSTF lowered the starting age from 50 to 45 in 2021, based on evidence showing rising rates of colorectal cancer in younger adults

## Important Note:

People at **higher risk** (due to family history, personal medical history, or genetic syndromes) may need to start screening earlier and should discuss their individual risk with their healthcare provider.

For the most current recommendations, you can visit the **CDC website** (cdc.gov) or **USPSTF website** (uspreventiveservicestaskforce.org).",
Q003,B,"The **U.S. Preventive Services Task Force (USPSTF)** and the **CDC** recommend that adults at **average risk begin routine colorectal cancer screening at age 45**.

Screening is generally recommended through **age 75**; adults ages **76–85** should discuss the decision with a clinician based on overall health and prior screening history. People with increased risk—such as a strong family history, inflammatory bowel disease, or certain genetic conditions—may need to start earlier.

Sources: **USPSTF colorectal cancer screening recommendation** and **CDC Colorectal Cancer Screening Guidelines**.",
Q003,C,"Both the **U.S. Preventive Services Task Force (USPSTF)** and the **Centers for Disease Control and Prevention (CDC)** recommend that adults at average risk begin routine colorectal cancer screening at **age 45**. 

Here are the key details from their recommendations:

* **Ages 45 to 75:** Routine screening is strongly recommended for all adults in this age group. 
* **Ages 76 to 85:** The decision to screen should be made on an individual basis after discussing health history and overall life expectancy with a doctor.
* **Over age 85:** Routine screening is generally no longer recommended.

**Why age 45?** 
In May 2021, the USPSTF updated its guidelines to lower the starting age from 50 down to 45. The CDC aligns with this recommendation because data shows that colorectal cancer rates have been rising among adults under age 50. 

*Note: These guidelines apply to people at **average risk**. If you have a personal or family history of colorectal cancer, polyps, or inflammatory bowel disease, the CDC recommends speaking with your doctor, as you may need to start screening earlier than age 45.*",
Q004,A,"**No**, the U.S. Preventive Services Task Force (USPSTF) **does not recommend** starting daily low-dose aspirin for the primary prevention of heart disease in adults 60 and older. 

In its updated **2022 recommendation statement on Aspirin Use to Prevent Cardiovascular Disease**, the USPSTF recommends **against** initiating low-dose aspirin use for preventing a first heart attack or stroke in people 60 years of age or older (assigning it a ""Grade D"" recommendation).

Here is a breakdown of why they make this recommendation and what you should know:

### Why the USPSTF recommends against it
* **Bleeding risks outweigh the benefits:** As people age, the risk of serious internal bleeding—especially gastrointestinal bleeding and hemorrhagic strokes (bleeding in the brain)—increases significantly. For adults 60 and older who do not already have heart disease, the potential risk of bleeding outweighs the small potential benefit of preventing a first heart attack or stroke.

### Important Distinctions to Keep in Mind
* **Primary vs. Secondary Prevention:** This recommendation applies *only* to ""primary prevention""—meaning people who **do not** have a history of heart disease, heart attack, stroke, or heart stents. If you have already had a cardiovascular event or procedure, daily aspirin may still be necessary for ""secondary prevention.""
* **Adults ages 40 to 59:** For this younger group with a 10% or higher risk of heart disease over the next 10 years, the USPSTF states that the decision to start aspirin should be an individual one made after a discussion with a healthcare provider (a ""Grade C"" recommendation).

### What should you do?
* **Do not stop taking aspirin on your own:** If you are 60 or older and currently take daily low-dose aspirin, do not stop taking it without talking to your healthcare provider first. 
* **Consult your doctor:** Always speak with a physician before starting or stopping any daily medication regime, as your personal medical history may mean a different approach is right for you. 

*Source: U.S. Preventive Services Task Force (USPSTF) Final Recommendation Statement: Aspirin Use to Prevent Cardiovascular Disease (April 2022).*",
Q004,B,"No. The **U.S. Preventive Services Task Force (USPSTF)** recommends **against starting low-dose aspirin for the primary prevention of cardiovascular disease in adults age 60 or older**. This is a **“D” recommendation**, meaning the USPSTF concludes there is no net benefit overall because bleeding risks—such as gastrointestinal bleeding or intracranial hemorrhage—increase with age.

This applies to adults **without known cardiovascular disease** who are considering aspirin to prevent a first heart attack or stroke. People already taking aspirin should **not stop it without discussing it with their clinician**, since the decision may depend on their individual risks and reasons for use.

**Source:** U.S. Preventive Services Task Force, *Aspirin Use to Prevent Cardiovascular Disease: Preventive Medication* (2022).",
Q004,C,"# USPSTF Aspirin Recommendation for Adults 60+

**No, the USPSTF does not currently recommend starting daily low-dose aspirin for primary prevention of heart disease in adults 60 and older.**

## Current Guidance

According to the **U.S. Preventive Services Task Force (USPSTF)**, the most recent recommendation (updated in 2022) is:

- **Adults 60 and older**: The USPSTF recommends **against** initiating aspirin for primary prevention of cardiovascular disease (Grade D recommendation)
- **Adults 40-59 with ≥10% cardiovascular risk**: The decision to start aspirin is individualized (Grade C recommendation)

## Why the Change?

The USPSTF determined that the potential harms of low-dose aspirin (primarily increased risk of bleeding) outweigh the cardiovascular benefits in older adults who don't already have heart disease.

## Important Note

This guidance is specifically for *primary prevention* (preventing disease in people without existing heart disease). The recommendation for secondary prevention (aspirin use in people who have already had a heart attack or stroke) remains different and should be discussed with a healthcare provider.

If you're considering aspirin for any reason, it's best to consult with your doctor about your individual risk factors.",
Q005,A,"For most healthy adults, **coffee is not inherently bad for you when consumed in moderation**. In fact, research has associated regular coffee drinking with a lower risk of conditions such as type 2 diabetes, Parkinson’s disease, liver disease, and possibly some cardiovascular problems—though these are mostly observational findings and don’t prove coffee prevents disease.

### How much is reasonable?
The **U.S. Food and Drug Administration (FDA)** says up to about **400 mg of caffeine per day**—roughly **2–4 standard 8-ounce cups of brewed coffee**—is generally not associated with dangerous negative effects for healthy adults. Caffeine content varies widely by size, roast, and preparation.

### When coffee may cause problems
Too much caffeine can lead to:

- Anxiety, jitters, or irritability  
- Insomnia or poor-quality sleep  
- Rapid heartbeat or palpitations  
- Heartburn or stomach discomfort  
- Headaches or withdrawal symptoms  
- Temporary increases in blood pressure  

Coffee can also become less healthy when loaded with sugar, syrups, cream, or high-calorie flavorings. **Unfiltered coffee**, such as French press or boiled coffee, contains compounds that can raise LDL (“bad”) cholesterol in some people; paper-filtered coffee removes much of them.

### Special situations
- **Pregnancy:** The American College of Obstetricians and Gynecologists recommends limiting caffeine to **under 200 mg per day**.  
- **Certain heart, anxiety, sleep, or gastrointestinal conditions:** You may need less or none.  
- **Medications:** Caffeine can interact with some medicines, so check with a clinician or pharmacist if concerned.  
- **Children and adolescents:** Caffeinated drinks are generally discouraged.

**Bottom line:** For most people, a few cups of plain or lightly sweetened coffee earlier in the day is generally safe. If it disrupts your sleep, worsens anxiety or reflux, or causes palpitations, reduce your intake or switch to decaf.",
Q005,B,"**The short answer is no, coffee is not bad for most people.** In fact, extensive research over the last few decades shows that drinking coffee in moderation can actually be part of a healthy lifestyle and offers several significant health benefits. 

However, whether coffee is ""good"" or ""bad"" for you depends on how much you drink, what you add to it, and how your individual body reacts to caffeine.

Here is a breakdown of what the science says:

---

### The Health Benefits of Coffee
According to the **Harvard T.H. Chan School of Public Health**, moderate coffee consumption—about 3 to 5 cups a day—is consistently linked to a lower risk of several chronic diseases. 

Key benefits include:
*   **Lower risk of Type 2 Diabetes:** Regular coffee drinkers have a lower risk of developing type 2 diabetes, likely due to coffee’s high concentration of antioxidants and anti-inflammatory compounds.
*   **Heart Health:** A study presented by the **European Society of Cardiology** found that drinking up to 3 cups of coffee per day was associated with a lower risk of stroke, heart disease, and overall mortality.
*   **Brain Protection:** Research compiled by **Johns Hopkins Medicine** highlights that coffee drinkers are less likely to develop Alzheimer’s disease and Parkinson’s disease.
*   **Liver Protection:** Coffee appears to protect the liver against conditions like cirrhosis and liver cancer. 

---

### When Can Coffee Be Bad for You?
While coffee has many perks, it can cause problems under certain circumstances:

1. **Too Much Caffeine:** Drinking too much coffee can lead to anxiety, restlessness, quickened heart rate, digestive upset, and sleep disruption. 
2. **High-Calorie Additives:** A plain cup of black coffee has about 2 calories. However, specialty drinks loaded with flavored syrups, heavy cream, and whipped cream turn coffee into a high-sugar, high-calorie dessert, which can contribute to weight gain and spike blood sugar.
3. **Cholesterol Concerns:** Unfiltered coffee (like French press, Turkish coffee, or espresso) contains compounds called *cafestol* and *kahweol*, which can raise LDL (""bad"") cholesterol levels if consumed in large amounts. Paper filters catch most of these compounds.
4. **Pregnancy:** The **American College of Obstetricians and Gynecologists (ACOG)** advises pregnant women to limit caffeine intake to under 200 milligrams per day (about one 12-ounce cup of coffee), as high caffeine levels have been linked to lower birth weights.

---

### How Much Coffee is Safe?
According to the **U.S. Food and Drug Administration (FDA)**, 400 milligrams of caffeine a day—equivalent to about **4 standard cups of brewed coffee**—is generally safe for healthy adults and isn't associated with negative side effects.

---

### The Bottom Line
For the vast majority of healthy adults, drinking coffee daily is safe and likely beneficial. To get the most health benefits from your coffee:
*   Keep daily intake around 2 to 4 cups.
*   Limit added sugar and heavy creams.
*   Use paper filters if you drink coffee daily and are monitoring your cholesterol.
*   Avoid caffeine in the late afternoon and evening to protect your sleep quality. 

*If you experience symptoms like heart palpitations, severe anxiety, or acid reflux, consult a healthcare provider to see if you should reduce your intake.*",
Q005,C,"# Is Coffee Bad for You?

The short answer: **For most adults, moderate coffee consumption is safe and may even have health benefits.**

## What the research shows:

**Potential benefits:**
- May lower risk of certain diseases (type 2 diabetes, Parkinson's, some cancers)
- Associated with improved focus and alertness
- May support heart health in moderate amounts

**Potential concerns:**
- Can increase anxiety or sleep problems in sensitive people
- May raise blood pressure temporarily
- Can cause digestive issues for some
- Caffeine dependence and withdrawal headaches are possible

## Guidelines:

According to the **FDA**, most healthy adults can safely consume up to **400mg of caffeine daily** (roughly 4 cups of coffee). Individual tolerance varies based on:
- Body weight
- Medications
- Pregnancy status
- Existing health conditions

## Who should be cautious:

- Pregnant or breastfeeding women
- People with anxiety disorders
- Those sensitive to caffeine
- Anyone with certain heart conditions

**Bottom line:** Coffee isn't inherently ""bad"" for you, but like most things, moderation is key. If you enjoy coffee and tolerate it well, there's no need to eliminate it.

If you have specific health concerns, it's worth discussing with your doctor.",
Q006,A,"**Yes, most healthy adults can safely take ibuprofen and acetaminophen together.** 

In fact, research shows that combining the two often provides better pain relief than taking either medication alone, particularly for conditions like toothaches, muscle aches, or post-surgery pain. 

Because they belong to different drug classes, they work differently in the body and are processed by different organs:
* **Ibuprofen** (found in Advil and Motrin) is a Nonsteroidal Anti-inflammatory Drug (NSAID). It reduces inflammation, targets pain at the site, and is primarily processed by the stomach and kidneys.
* **Acetaminophen** (found in Tylenol) is an analgesic (pain reliever) and fever reducer. It works mainly in the central nervous system to block pain signals and is processed by the liver.

---

### How to Take Them Together

According to guidance from the **UK National Health Service (NHS)** and the **Mayo Clinic**, you can take them in one of two ways:

1. **At the same time:** You can take a standard dose of both medications together if you need immediate, strong pain relief.
2. **Alternating (Staggering) doses:** You can take one medication first, and then take the other a few hours later. For example, you might take ibuprofen at 12:00 PM, acetaminophen at 3:00 PM, ibuprofen at 6:00 PM, and so on. This approach can provide steady, continuous pain coverage throughout the day.

The **U.S. Food and Drug Administration (FDA)** has even approved over-the-counter combination pills—such as *Advil Dual Action*—which contain fixed doses of both ibuprofen and acetaminophen in a single tablet.

---

### Critical Safety Rules

While combining them is safe for most people, you must follow these guidelines to avoid accidental overdose or organ damage:

* **Do not exceed maximum daily limits:**
  * **Acetaminophen:** Do not exceed 3,000 mg to 4,000 mg in a 24-hour period.
  * **Ibuprofen:** Do not exceed 1,200 mg per day for over-the-counter use (unless directed otherwise by a doctor).
* **Check other medications for ""hidden"" ingredients:** Acetaminophen is a common ingredient in many prescription pain relievers, as well as multi-symptom cold, flu, and sinus medications (like NyQuil or DayQuil). Always read ingredient labels so you don't accidentally take a double dose of acetaminophen.
* **Avoid alcohol:** Combining alcohol with acetaminophen increases the risk of liver damage, while combining alcohol with ibuprofen increases the risk of stomach bleeding.

---

### Who Should Be Cautious?

You should consult a doctor or pharmacist before combining these medications if you have:
* Liver disease or a history of heavy alcohol use (avoid or limit acetaminophen).
* Stomach ulcers, acid reflux, or a history of GI bleeding (avoid ibuprofen).
* Kidney disease, high blood pressure, or heart disease (avoid ibuprofen).
* Are currently taking blood thinners (like warfarin) or daily aspirin.

*Disclaimer: This information is for educational purposes and should not replace medical advice from a qualified healthcare professional. If your pain persists for more than a few days, contact a doctor.*",
Q006,B,"# Ibuprofen and Acetaminophen Together: Safety Overview

**Yes, it is generally considered safe for adults to take ibuprofen and acetaminophen together**, and this combination is actually sometimes recommended by healthcare providers for moderate to severe pain.

## Key Points:

**Why it works:**
- They work through different mechanisms (ibuprofen reduces inflammation; acetaminophen blocks pain signals)
- This complementary action can provide better pain relief than either drug alone

**Important safety guidelines:**
- Take them at **different times** (don't take them simultaneously)
- Follow dosing instructions carefully to avoid exceeding maximum daily limits
- Acetaminophen max: typically 3,000-4,000 mg per day
- Ibuprofen max: typically 1,200 mg per day (over-the-counter)

**When to avoid:**
- People with liver or kidney disease
- Those with certain stomach conditions
- Anyone with allergies to either medication
- If taking other medications containing these drugs (check labels)

## Bottom Line:

While the combination can be effective, **it's best to consult your doctor or pharmacist before combining them**, especially if you're taking other medications or have existing health conditions. They can provide personalized guidance based on your specific situation.

If you need stronger pain relief, your healthcare provider can recommend other safe options.",
Q006,C,"Yes. **Most healthy adults can take ibuprofen and acetaminophen (paracetamol) together for short-term pain relief**, because they work in different ways. They may be taken at the same time or staggered; they do not generally need to be separated.

### Typical adult over-the-counter doses
- **Acetaminophen:** 650–1,000 mg every 6–8 hours  
  - Do not exceed the package limit. As a safety margin, many clinicians recommend staying at **3,000 mg per day or less**; the absolute maximum for healthy adults is generally **4,000 mg per day from all sources**.
- **Ibuprofen:** 200–400 mg every 6–8 hours with food  
  - Do not exceed **1,200 mg per day** without medical advice.

Check labels carefully: many cold, flu, and prescription products already contain acetaminophen or an NSAID such as ibuprofen.

### Ask a clinician before using them if you have:
- Liver disease, heavy alcohol use, or regular binge drinking — acetaminophen risk
- Kidney disease, stomach ulcers or bleeding, heart failure, uncontrolled high blood pressure, or cardiovascular disease — ibuprofen risk
- Use of blood thinners, steroids, lithium, or certain blood-pressure medicines
- Pregnancy, particularly **after 20 weeks**; ibuprofen should generally be avoided later in pregnancy unless specifically advised

Do not combine ibuprofen with other NSAIDs such as naproxen or aspirin for pain. Stop and seek urgent help for vomiting blood, black stools, severe abdominal pain, trouble breathing, facial swelling, or if you may have taken too much acetaminophen or ibuprofen.

For personalized advice, a pharmacist or clinician can check your medicines and medical conditions. Sources: **U.S. Food and Drug Administration (FDA)** and **NHS guidance on taking ibuprofen with paracetamol**.",
Q007,A,"**No, cracking your knuckles does not cause arthritis.** 

Medical experts and scientific research consistently show that the habit of popping or cracking your knuckles does not lead to osteoarthritis or joint damage.

### What causes the popping sound?
The sound you hear isn’t your bones cracking or rubbing together. Your joints are surrounded by a clear liquid called **synovial fluid**, which acts as a lubricant. When you stretch or bend your fingers to crack a knuckle, you expand the space inside the joint. This lowers the pressure and causes dissolved gases in the fluid (like nitrogen and carbon dioxide) to form tiny bubbles, which rapidly collapse or pop, creating the sound.

### What does the science say?
Several studies have investigated this common myth, and all have come to the same conclusion:

* **Dr. Donald Unger’s 60-Year Experiment:** One of the most famous pieces of evidence comes from an informal, long-term experiment conducted by Dr. Donald Unger. For over 60 years, he cracked the knuckles on his left hand at least twice a day, but never cracked the knuckles on his right hand. At the end of his experiment, neither hand showed any signs of arthritis. His study was published in the journal ***Arthritis & Rheumatism*** in 1998, and he won an Ig Nobel Prize for his research in 2009.
* **The 2011 Family Medicine Study:** A larger clinical study published in the ***Journal of the American Board of Family Medicine*** evaluated 215 people between the ages of 50 and 89. The researchers found that the prevalence of osteoarthritis was nearly identical between habitual knuckle-crackers (18.1%) and non-knuckle-crackers (21.5%), proving no link between the habit and joint degeneration.
* **Harvard Health Publishing:** According to ***Harvard Health Publishing***, while knuckle cracking is generally harmless, an older 1990 study suggested it might occasionally lead to reduced grip strength or minor hand swelling in extreme cases, though modern research shows these risks are minimal.

### Is there any reason to stop?
While cracking your knuckles won't cause arthritis, you should pay attention if the popping is accompanied by **pain, swelling, or reduced mobility**. If popping a joint hurts, it could be a sign of a pre-existing injury, torn cartilage, or another underlying joint issue, and you should consult a doctor. 

Otherwise, the biggest risk of cracking your knuckles is simply annoying the people around you.",
Q007,B,"No. **Cracking your knuckles has not been shown to cause arthritis**, including osteoarthritis.

The popping sound is generally caused by changes in pressure that form or release gas bubbles in the joint fluid—not by bones grinding away. Studies, including one published in the *Journal of the American Board of Family Medicine*, found no meaningful difference in hand arthritis between habitual knuckle crackers and people who do not crack their knuckles.

It may occasionally cause temporary soreness or swelling if done forcefully. If a joint is painful, persistently swollen, stiff, or difficult to move, have it evaluated—those symptoms may indicate another problem.",
Q007,C,"# Does Cracking Your Knuckles Cause Arthritis?

**Short answer: No, there's no scientific evidence that cracking your knuckles causes arthritis.**

## What the Research Shows

The most famous study on this topic was conducted by **Dr. Donald Unger**, who famously cracked the knuckles of only his left hand for 60 years while leaving his right hand alone. He found no difference in arthritis development between the two hands.

More recent research published in medical journals has similarly found no link between knuckle cracking and arthritis. Multiple studies have examined this question, and the consensus among rheumatologists is that the habit doesn't increase arthritis risk.

## What Actually Causes That Sound?

When you crack your knuckles, you're creating a bubble of gas in the synovial fluid surrounding your joints. The ""popping"" sound comes from this bubble collapsing, not from bones or cartilage damage.

## The Caveat

While knuckle cracking itself doesn't cause arthritis, **repeatedly injuring your hands** (such as from chronic trauma or impact) could potentially damage joints over time. But normal knuckle cracking isn't a concern.

So while it might annoy people around you, you can crack your knuckles without worrying about developing arthritis!",
Q008,A,"The human body makes vitamin D mainly through **sunlight exposure**:

1. **UVB rays from sunlight** reach the skin and convert a cholesterol-like compound called **7-dehydrocholesterol** into **previtamin D₃**.
2. Body heat rapidly converts previtamin D₃ into **vitamin D₃ (cholecalciferol)**.
3. The **liver** converts vitamin D₃ into **25-hydroxyvitamin D**, the main form measured in blood.
4. The **kidneys** convert it into **1,25-dihydroxyvitamin D (calcitriol)**, the active form that helps regulate calcium and phosphorus, supporting bones, muscles, and immune function.

Vitamin D can also come from foods such as fatty fish, egg yolks, fortified milk, and supplements. How much the skin produces depends on factors including season, latitude, time of day, skin pigmentation, age, clothing, sunscreen, and air pollution. Excessive sun exposure is not recommended because it increases skin-cancer risk; vitamin D should not be obtained by sunburning.",
Q008,B,"# How the Human Body Produces Vitamin D

The human body produces vitamin D primarily through **sun exposure**:

## The Process

1. **Skin exposure to sunlight** — When your skin is exposed to ultraviolet B (UVB) radiation from the sun, it triggers a chemical reaction in cells containing a cholesterol-derived compound called 7-dehydrocholesterol.

2. **Initial conversion** — This reaction converts that compound into **previtamin D3**, which then converts into **vitamin D3** (cholecalciferol).

3. **Liver processing** — The vitamin D3 travels to your liver, where it's converted into **25-hydroxyvitamin D** [25(OH)D], which is the form doctors measure to check your vitamin D status.

4. **Kidney activation** — Finally, your kidneys convert it into **1,25-dihydroxyvitamin D**, the active form your body actually uses.

## Factors Affecting Production

Several things influence how much vitamin D your body makes:
- **Season and latitude** — Winter sun and northern locations produce less vitamin D
- **Time of day** — Midday sun is most effective
- **Skin tone** — Darker skin requires more sun exposure
- **Age** — Older adults produce less efficiently
- **Sunscreen and clothing** — These block UVB rays

Your body can also obtain vitamin D from food sources (like fatty fish and fortified milk) and supplements, though sun exposure remains the most natural and efficient method.",
Q008,C,"The human body produces vitamin D through a remarkable multi-step chemical process that begins on your skin when you are exposed to sunlight. Because of this, vitamin D is often called the ""sunshine vitamin."" 

According to the **National Institutes of Health (NIH) Office of Dietary Supplements**, here is the step-by-step breakdown of how your body makes and uses vitamin D:

### Step 1: Sunlight hits the skin
Your skin naturally contains a specific type of cholesterol called **7-dehydrocholesterol**. When Ultraviolet B (UVB) rays from sunlight hit your bare skin, the energy from the light breaks down this cholesterol derivative and converts it into **previtamin D3**, which quickly rearranges itself into **vitamin D3 (cholecalciferol)**. 

### Step 2: The Liver converts it
At this point, the vitamin D3 made by your skin is inactive—your body cannot use it yet. It enters your bloodstream and travels to the **liver**. The liver adds oxygen and hydrogen molecules to it, converting it into a compound called **25-hydroxyvitamin D** (also known as *calcidiol*). 
*(Note: When a doctor orders a blood test to check your vitamin D levels, this is the compound they are measuring.)*

### Step 3: The Kidneys activate it
From the liver, the compound travels through the blood to the **kidneys**. The kidneys perform the final chemical conversion, turning it into **1,25-dihydroxyvitamin D** (also known as *calcitriol*). 

This is the fully active, hormone-like form of vitamin D. Once activated, it goes to work helping your intestines absorb calcium and phosphorus, which are vital for building strong bones, supporting immune function, and regulating muscle activity.

---

### Factors That Affect How Much Vitamin D You Produce

Not everyone produces the same amount of vitamin D from sunlight. As noted by **Harvard Health Publishing**, several factors can reduce your body's ability to synthesize it:

*   **Skin Tone:** People with darker skin have more melanin, a pigment that acts as a natural sunscreen. Melanin reduces the skin's ability to produce vitamin D from sunlight, meaning darker skin requires more time in the sun to produce the same amount as lighter skin.
*   **Location and Season:** If you live far north or south of the equator (like the northern U.S. or Europe), the sun's rays are too weak during late fall and winter for your skin to produce any vitamin D.
*   **Time of Day:** The sun's rays are strongest between 10:00 a.m. and 3:00 p.m., which is the optimal window for vitamin D production.
*   **Age:** As people age, their skin becomes less efficient at producing vitamin D.
*   **Sunscreen and Clothing:** Sunscreen with SPF 15 or higher blocks up to 99% of UVB rays, preventing vitamin D production. Clothing covering the arms and legs also blocks production.

Because direct sun exposure carries a risk of skin damage and skin cancer, health organizations like the **American Academy of Dermatology** recommend getting a portion of your vitamin D safely through foods (like fatty fish, egg yolks, and fortified milk) or dietary supplements rather than relying solely on sun exposure.",
Q009,A,"According to the **CDC (Centers for Disease Control and Prevention)**:

- **Adults ages 18–60:** **7 or more hours** per night  
- **Adults ages 61–64:** **7–9 hours**  
- **Adults 65 and older:** **7–8 hours**  

These recommendations are listed on the CDC’s **“About Sleep and Your Health”** page.",
Q009,B,"# Recommended Sleep for Adults

According to the **Centers for Disease Control and Prevention (CDC)**, adults aged 18-60 years should get **7 or more hours of sleep per night** on a regular basis to promote optimal health and well-being.

The CDC emphasizes that this is the amount associated with better health outcomes, including improved immune function, metabolism, and mental health. They also note that getting enough sleep is linked to reduced risk of chronic diseases and injuries.",
Q009,C,"According to the **Centers for Disease Control and Prevention (CDC)**, adults aged 18 and older need **7 or more hours** of sleep per night for optimal health and well-being. 

The CDC breaks down the recommendations for adults by specific age groups as follows:

*   **Adults aged 18 to 60 years:** 7 or more hours per night
*   **Adults aged 61 to 64 years:** 7 to 9 hours per night
*   **Adults aged 65 years and older:** 7 to 8 hours per night

These guidelines are based on a joint consensus statement from the American Academy of Sleep Medicine (AASM) and the Sleep Research Society (SRS), which the CDC endorses. The CDC notes that getting fewer than 7 hours of sleep regularly is associated with an increased risk of developing chronic conditions like obesity, diabetes, high blood pressure, heart disease, and depression.",
Q010,A,"The CDC recommends that adults get **at least 150 minutes of moderate-intensity physical activity per week**—such as brisk walking—or **75 minutes of vigorous-intensity activity**, plus **muscle-strengthening activities on at least 2 days per week**.

Source: **U.S. Centers for Disease Control and Prevention (CDC), “How Much Physical Activity Do Adults Need?”**",
Q010,B,"According to the **Centers for Disease Control and Prevention (CDC)**, adults need at least **150 minutes** of moderate-intensity physical activity per week. 

Here is how the CDC breaks down its physical activity guidelines for adults aged 18 to 64:

### 1. Aerobic Activity (Cardio)
You can meet the weekly target in one of three ways:
* **150 minutes** of moderate-intensity activity (such as brisk walking, light cycling, or water aerobics) per week. This breaks down to about **30 minutes a day, 5 days a week**.
* **75 minutes** of vigorous-intensity activity (such as running, swimming laps, or a high-intensity workout class) per week.
* **An equivalent mix** of moderate- and vigorous-intensity activity.

### 2. Muscle-Strengthening Activity
In addition to aerobic exercise, the CDC recommends:
* **2 or more days a week** of muscle-strengthening activities (such as lifting weights, using resistance bands, or doing bodyweight exercises like push-ups and sit-ups) that work all major muscle groups (legs, hips, back, abdomen, chest, shoulders, and arms).

***

*Source: The Centers for Disease Control and Prevention (CDC) Physical Activity Basics for Adults, which aligns with the U.S. Department of Health and Human Services' Physical Activity Guidelines for Americans.*",
Q010,C,"# CDC Physical Activity Recommendations for Adults

According to the CDC, adults should aim for:

- **150 minutes per week** of moderate-intensity aerobic activity (like brisk walking or cycling), OR
- **75 minutes per week** of vigorous-intensity aerobic activity (like running or fast cycling)

Additionally, the CDC recommends adults do **muscle-strengthening activities** on 2 or more days per week.

These guidelines apply to adults aged 18-64 years old. The CDC notes that some physical activity is better than none, and that exceeding these minimums provides even greater health benefits.",
Q011,A,"According to the **CDC (Centers for Disease Control and Prevention)**, a healthy-weight BMI for adults is **18.5 to less than 25**.

Adult BMI categories:

- **Underweight:** Below 18.5  
- **Healthy weight:** 18.5 to less than 25  
- **Overweight:** 25 to less than 30  
- **Obesity:** 30 or higher  

BMI is a screening measure and doesn’t directly measure body fat or overall health.",
Q011,B,"# Healthy BMI Range According to the CDC

According to the **CDC (Centers for Disease Control and Prevention)**, a healthy weight for adults is defined as a BMI (Body Mass Index) between **18.5 and 24.9**.

Here's how the full BMI categories break down:
- **Underweight:** BMI less than 18.5
- **Healthy weight:** BMI 18.5–24.9
- **Overweight:** BMI 25.0–29.9
- **Obese:** BMI 30.0 and above

You can calculate your BMI using your weight (in pounds) and height (in inches), or the CDC provides a BMI calculator on their website if you prefer an automated tool.

It's worth noting that BMI is a screening tool and doesn't directly measure body fat, so it's not a perfect indicator of health on its own—your doctor can help interpret what a healthy weight means for your individual circumstances.",
Q011,C,"According to the Centers for Disease Control and Prevention (CDC), a healthy weight Body Mass Index (BMI) for adults ages 20 and older is **18.5 to 24.9**.

For full context, the CDC breaks down adult BMI categories as follows:

* **Underweight:** BMI is less than 18.5
* **Healthy Weight:** BMI is 18.5 to 24.9
* **Overweight:** BMI is 25.0 to 29.9
* **Obesity:** BMI is 30.0 or higher

**Keep in mind:** The CDC notes that while BMI is a quick and useful screening tool based on your height and weight, it is not a direct measurement of body fat or overall health. Factors like muscle mass, bone density, age, and sex can affect BMI results. For a complete picture of your health, it is always best to consult a healthcare provider.",
Q012,A,"For most healthy adults, a normal resting heart rate ranges from **60 to 100 beats per minute (bpm)**. 

According to major medical institutions like the **American Heart Association (AHA)** and the **Mayo Clinic**, a rate within this range indicates that your heart is functioning efficiently without working too hard while your body is at rest.

### What is considered a ""good"" resting heart rate?
Generally, a lower resting heart rate implies more efficient heart function and better cardiovascular fitness. 
* **Athletes and highly active individuals:** It is common for well-trained athletes to have a normal resting heart rate between **40 and 60 bpm**. 
* **Average adults:** A rate at the lower end of the standard scale (between **60 and 70 bpm**) is often considered a sign of good physical conditioning.

### Factors that can affect your resting heart rate
Your heart rate fluctuates throughout the day based on several temporary factors:
* **Stress and Anxiety:** High stress levels or emotions can raise your heart rate.
* **Caffeine and Nicotine:** Stimulants temporarily increase heart rate.
* **Medications:** Certain drugs (like beta-blockers) slow your heart rate down, while others (like decongestants or thyroid medications) can speed it up.
* **Temperature:** Heat and humidity can cause the heart to pump slightly more blood, raising the rate by a few beats per minute.
* **Body Position:** Sitting or standing up quickly can cause a brief bump in heart rate.

### How to measure your resting heart rate
The best time to measure your resting heart rate is in the morning, right after you wake up naturally and before you drink caffeine or get moving.

1. Place your index and middle fingers on your wrist (just below the thumb) or on the side of your neck.
2. Count the beats you feel for **30 seconds**.
3. Multiply that number by **2** to get your beats per minute.

### When to consult a doctor
The **Mayo Clinic** recommends speaking with a healthcare professional if your resting heart rate is consistently out of the normal range, especially if accompanied by symptoms:

* **Tachycardia:** A resting heart rate consistently **above 100 bpm**.
* **Bradycardia:** A resting heart rate consistently **below 60 bpm** (if you are *not* an athlete or physically active individual).
* **Warning signs:** Consult a doctor immediately if an abnormal heart rate occurs alongside **dizziness, fainting, shortness of breath, or chest discomfort.**",
Q012,B,"For most adults, a **normal resting heart rate is 60–100 beats per minute (bpm)** when calm, seated or lying down, and not recently exercising.

- **Well-trained athletes** may have a resting rate below 60 bpm without it being abnormal.
- Temporary changes can result from stress, illness, fever, caffeine, medications, or dehydration.
- A consistently resting rate **above 100 bpm** or **below 60 bpm**—especially with dizziness, fainting, chest pain, shortness of breath, or unusual fatigue—should be discussed with a healthcare professional.

The **American Heart Association** and **Mayo Clinic** use the 60–100 bpm range for typical adults.",
Q012,C,"# Normal Resting Heart Rate for Adults

A normal resting heart rate for most healthy adults is **60 to 100 beats per minute (bpm)**.

## Factors that can affect your resting heart rate:

- **Fitness level**: Athletes and very fit individuals often have lower resting heart rates (50-60 bpm or even lower)
- **Age**: Resting heart rate tends to increase slightly with age
- **Stress and anxiety**: Can elevate your resting rate
- **Medications**: Some drugs can increase or decrease heart rate
- **Health conditions**: Thyroid problems, heart disease, and other conditions can affect it
- **Caffeine and stimulants**: Can temporarily raise your heart rate

## When to check your resting heart rate:

The most accurate measurement is taken when you're sitting or lying down and have been at rest for at least 5 minutes.

If your resting heart rate consistently falls outside the 60-100 bpm range or you notice significant changes, it's worth discussing with your doctor. However, a lower resting heart rate is generally considered a sign of good cardiovascular fitness, while a persistently elevated rate might warrant medical evaluation.",
Q013,A,"Adults should generally get a **tetanus booster every 10 years** after completing the initial vaccination series.

According to the **U.S. Centers for Disease Control and Prevention (CDC)**:

- **Routine vaccination:** Get a Td or Tdap booster every **10 years**.
- **Once in adulthood:** Get **one Tdap dose** if you have never received Tdap; later boosters can be Td or Tdap.
- **After an injury:** A booster may be recommended if it has been:
  - **5 or more years** since the last dose for a deep, dirty, or major wound.
  - **10 or more years** for a clean, minor wound.
- **During each pregnancy:** Tdap is recommended during **weeks 27–36**, preferably early in that window.

If your vaccination history is unknown or incomplete, or the wound is serious, contact a healthcare professional promptly.",
Q013,B,"# Tetanus Booster Shot Frequency for Adults

According to the **CDC (Centers for Disease Control and Prevention)**, adults should get a tetanus booster shot **every 10 years**.

## Key Points:

- **Standard schedule**: One booster every 10 years after completing the primary series
- **After an injury**: If you have a deep or dirty wound and it's been more than 5 years since your last booster, you should get one
- **Tdap vaccine**: Adults who haven't previously received Tdap (which protects against tetanus, diphtheria, and pertussis) should get one dose of Tdap, then continue with Td boosters every 10 years

## Special Considerations:

- If you're unsure when your last tetanus shot was, it's safe to get another booster
- Pregnant women should get Tdap during each pregnancy (ideally in the third trimester) to protect newborns
- Always consult with your healthcare provider about your individual needs

If you have questions about your specific situation or medical history, it's best to discuss it with your doctor or visit a local health clinic.",
Q013,C,"According to the **Centers for Disease Control and Prevention (CDC)**, adults should get a tetanus booster shot **every 10 years**. 

However, there are a few important exceptions depending on your health status or if you experience an injury:

* **If you get a severe cut or wound:** If you get a deep or dirty wound (such as stepping on a rusty nail, a animal bite, or a severe burn), you should get a booster shot if it has been **5 years or more** since your last tetanus shot.
* **During pregnancy:** Pregnant individuals should receive a Tdap booster shot during the third trimester (between 27 and 36 weeks) of **every pregnancy**, regardless of when they last received a booster. This helps transfer protective antibodies to the newborn.
* **First-time adult booster:** If you are an adult and have never received a **Tdap** vaccine (which protects against tetanus, diphtheria, and pertussis/whooping cough), the CDC recommends getting a Tdap shot as your next booster. After that, you can get a standard Td (tetanus and diphtheria) or Tdap shot every 10 years.

If you are unsure when you had your last tetanus shot, it is safe to get another one, or you can check with your healthcare provider to review your vaccination records.",
Q014,A,"According to the **CDC (Centers for Disease Control and Prevention)**, normal blood pressure is:

- **Systolic pressure:** less than **120 mm Hg**
- **Diastolic pressure:** less than **80 mm Hg**

In other words, a reading below **120/80 mm Hg** is considered normal. A single reading may not reflect your usual blood pressure, so repeated measurements are often needed.",
Q014,B,"# Normal Blood Pressure According to the CDC

According to the **CDC (Centers for Disease Control and Prevention)**, a normal blood pressure reading is:

**Less than 120 mm Hg systolic AND less than 80 mm Hg diastolic**

This is often written as **<120/<80 mm Hg**.

## Blood Pressure Categories (CDC Guidelines):

- **Normal**: Less than 120/<80 mm Hg
- **Elevated**: Systolic 120-129 and diastolic <80 mm Hg
- **High Blood Pressure (Stage 1)**: Systolic 130-139 or diastolic 80-89 mm Hg
- **High Blood Pressure (Stage 2)**: Systolic 140 or higher or diastolic 90 or higher mm Hg
- **Hypertensive Crisis**: Systolic higher than 180 and/or diastolic higher than 120 mm Hg

If you're concerned about your blood pressure, it's best to consult with your healthcare provider, as individual health factors may affect what's considered healthy for you specifically.",
Q014,C,"According to the **Centers for Disease Control and Prevention (CDC)**, a normal blood pressure reading is defined as:

* **Systolic (top number):** Less than 120 mmHg  
* **Diastolic (bottom number):** Less than 80 mmHg  

In medical terms, this is written as **less than 120/80 mmHg** (millimeters of mercury). Both numbers must fall below these thresholds for your blood pressure to be considered normal.

---

### CDC Blood Pressure Categories Overview

For context, the CDC breaks down adult blood pressure readings into the following categories:

* **Normal:** Systolic less than 120 **AND** Diastolic less than 80
* **Elevated:** Systolic 120–129 **AND** Diastolic less than 80
* **High Blood Pressure (Stage 1):** Systolic 130–139 **OR** Diastolic 80–89
* **High Blood Pressure (Stage 2):** Systolic 140 or higher **OR** Diastolic 90 or higher

*Note: If you are concerned about your blood pressure readings, it is always best to consult a healthcare provider for personalized medical advice.*",
Q015,A,"# USPSTF Lung Cancer Screening Recommendation (2021)

According to the **U.S. Preventive Services Task Force (USPSTF) 2021 update**, annual lung cancer screening with low-dose CT is recommended for:

- **Age: 50-80 years old**
- **Smoking history: ≥20 pack-years**
- **Current smokers or those who quit within the past 15 years**

## Key Details

The 2021 update **lowered the recommended starting age from 55 to 50** and **reduced the pack-year threshold from 30 to 20 pack-years** compared to the previous 2013 recommendation. This change was made based on evidence that these criteria would identify more people at high risk for lung cancer.

The USPSTF gives this recommendation a **Grade B rating**, meaning there is high certainty that the benefits outweigh the harms for individuals meeting these criteria.

Screening should be done with shared decision-making discussions about the benefits and risks, and should ideally occur in a setting with access to a multidisciplinary team experienced in lung cancer management.",
Q015,B,"According to the **U.S. Preventive Services Task Force (USPSTF)** 2021 recommendation statement, annual screening for lung cancer with low-dose computed tomography (LDCT) is recommended for adults who meet **all** of the following criteria:

* **Age:** 50 to 80 years old
* **Smoking history:** At least a **20 pack-year** smoking history
* **Current status:** Currently smoke or have quit within the past 15 years

---

### What is a ""pack-year""?
A pack-year is a way to measure how much a person has smoked over time. One pack-year equals smoking 1 pack of cigarettes (20 cigarettes) per day for 1 year. For example:
* 1 pack per day for 20 years = **20 pack-years**
* 2 packs per day for 10 years = **20 pack-years**
* Half a pack per day for 40 years = **20 pack-years**

### When does USPSTF recommend stopping screening?
Screening should be discontinued once a person:
* Has not smoked for 15 consecutive years, **or**
* Develops a health problem that substantially limits life expectancy or the ability/willingness to undergo curative lung surgery.",
Q015,C,"The **U.S. Preventive Services Task Force (USPSTF)** recommends **annual low-dose CT (LDCT) screening** for lung cancer in adults who:

- Are **50 to 80 years old**
- Have at least a **20 pack-year smoking history**
- **Currently smoke** or **quit within the past 15 years**

A pack-year equals smoking one pack per day for one year. Screening should stop once a person has not smoked for 15 years, develops a health problem that substantially limits life expectancy or the ability to undergo curative lung surgery, or reaches age 81.

**Source:** USPSTF, *Lung Cancer: Screening* recommendation (2021).",
Q016,A,"According to the U.S. Preventive Services Task Force (USPSTF) updated final recommendations released in April 2024, women should start getting screening mammograms at **age 40**. 

Here are the key details of the USPSTF's 2024 guidelines:

* **Starting Age:** 40 years old (lowered from the previous recommendation of age 50).
* **Frequency:** Every 2 years (biennial).
* **Age Range:** Women aged 40 to 74 who are at average risk for breast cancer. 

*Note: These recommendations apply to women, cisgender women, and all other persons assigned female at birth who are at average risk for breast cancer. If you have a family history of breast cancer, dense breasts, or higher risk factors, you should talk to your doctor about whether to start screening even earlier or get additional testing.*",
Q016,B,"# USPSTF Mammogram Recommendations (2024)

According to the **U.S. Preventive Services Task Force (USPSTF)**, the current recommendation is:

**Women aged 40-49** should have the opportunity to start regular mammograms based on individual choice, after discussing risks and benefits with their healthcare provider.

**Women aged 50-74** should get regular mammograms (the Task Force gives this a strong recommendation).

## Key Points:

- The USPSTF emphasizes **shared decision-making** for women in their 40s, meaning the choice should be individualized based on personal risk factors and preferences
- The recommendation applies to average-risk women without symptoms
- Women at higher risk (due to family history, genetic factors, etc.) may need to start screening earlier and should consult with their doctor

This represents a shift toward offering more choice for younger women rather than a blanket recommendation to begin at a specific age.

For personalized guidance, it's always best to discuss screening with your healthcare provider, who can consider your individual risk profile.",
Q016,C,"The **U.S. Preventive Services Task Force (USPSTF) recommends that women at average risk start screening mammograms at age 40**, and continue **every other year through age 74**.

This is from the USPSTF’s **2024 final recommendation** on breast cancer screening. Evidence is currently insufficient for routine screening recommendations for women **75 and older**. Women at higher risk may need a different screening plan.",
Q017,A,"According to the **U.S. Preventive Services Task Force (USPSTF)**, hepatitis C screening is recommended for the following groups:

### 1. All Adults Aged 18 to 79
The USPSTF recommends that **all adults between the ages of 18 and 79** get screened for hepatitis C virus (HCV) infection at least **once in their lifetime**, even if they do not have symptoms or known risk factors. 

### 2. Pregnant Individuals
Screening is recommended for **all pregnant adults during each pregnancy**, regardless of age or risk factors, to help prevent mother-to-child transmission.

### 3. People Outside the 18–79 Age Range Who Are at High Risk
Screening is recommended for people **younger than 18 or older than 79** if they are at an increased risk of infection. High-risk factors include:
* Current or past injection drug use (even if tried only once years ago).
* Having received a blood transfusion or organ transplant before 1992.
* Long-term hemodialysis treatment.
* Known exposure to HCV (such as a healthcare worker receiving an accidental needle stick).
* Being born to a mother who had a hepatitis C infection.

---

### How Often Should You Get Screened?
* **Most adults:** Need to be screened **only once** in their lifetime.
* **People with ongoing risk factors:** (Such as individuals who continue to inject drugs) Should be tested **periodically** as long as the risk continues.

***

### Source Reference
This information is based on the **USPSTF Recommendation Statement on Screening for Hepatitis C Virus Infection in Adults**, published in the *Journal of the American Medical Association (JAMA)* in **March 2020**.",
Q017,B,"# USPSTF Hepatitis C Screening Recommendations

According to the **U.S. Preventive Services Task Force (USPSTF)**, the current recommendations for hepatitis C screening are:

## Who Should Be Screened

**All adults aged 18-79 years** should be screened for hepatitis C virus (HCV) infection at least once, regardless of risk factors. This is a Grade B recommendation.

## Additional Screening

- **People with risk factors** may warrant more frequent screening
- **Pregnant individuals** should be screened during each pregnancy
- People with ongoing risk factors (such as those who inject drugs) should be rescreened periodically

## Key Points

The USPSTF expanded its recommendation in 2020 to include one-time screening for all adults in this age group, rather than limiting screening only to those with specific risk factors. This shift reflects the burden of HCV disease and the availability of effective treatments.

For the most current and detailed recommendations, you can visit the **USPSTF website** directly at www.uspreventiveservicestaskforce.org, where they provide their latest evidence reviews and clinical guidance.",
Q017,C,"The **U.S. Preventive Services Task Force (USPSTF)** recommends:

- **All adults ages 18–79** should be screened for hepatitis C virus (HCV), even if they have no symptoms or known risk factors.  
- **Pregnant people** should be screened during **each pregnancy**.  
- **People with ongoing risk factors**—such as current or past injection-drug use—should be screened periodically, even after an initial negative test.  
- People **younger than 18 or older than 79** may also be screened if they have increased risk.

For most adults, screening is a **one-time blood test**. This is the USPSTF’s current **Grade B recommendation** in its hepatitis C screening recommendation statement.",
Q018,A,"# USPSTF Anxiety Screening Recommendations

Yes, the U.S. Preventive Services Task Force (USPSTF) does recommend screening for anxiety in adults, though with some specific parameters.

## Current Recommendation

As of 2022, the USPSTF issued a **Grade B recommendation** for screening adults for anxiety disorders in primary care settings. This means they recommend offering or providing this service.

## Key Details

- **Who**: The recommendation applies to adults in primary care
- **Screening methods**: Common tools include the Generalized Anxiety Disorder 7-item scale (GAD-7) and other validated screening instruments
- **Evidence base**: The recommendation is based on evidence showing that screening can identify anxiety disorders and that treatment can be effective

## Important Notes

- The USPSTF's recommendation focuses on screening in primary care settings where there is adequate infrastructure to follow up with diagnosis and treatment
- This is considered a preventive service and should be covered by insurance without cost-sharing under the Affordable Care Act

For the most current information, you can visit the **USPSTF website** (uspreventiveservicestaskforce.org), which provides detailed clinical summaries and evidence reviews for all their recommendations.",
Q018,B,"Yes. The **U.S. Preventive Services Task Force (USPSTF)** recommends screening **asymptomatic adults ages 19–64 for anxiety disorders**, including pregnant and postpartum people. This is a **Grade B recommendation**, meaning there is high certainty of a moderate benefit or moderate certainty of a substantial benefit.

For **adults age 65 and older**, the USPSTF found that evidence is currently **insufficient** to recommend for or against routine screening.

Screening should be done when systems are available for accurate diagnosis, effective treatment, and follow-up. This recommendation applies to people without recognized symptoms; those with symptoms or concerns should receive clinical evaluation regardless of routine screening guidance.

**Source:** USPSTF, *Screening for Anxiety Disorders in Adults: US Preventive Services Task Force Recommendation Statement* (2023).",
Q018,C,"**Yes, the U.S. Preventive Services Task Force (USPSTF) recommends routine anxiety screening for most adults, but with an age-based distinction.** 

According to the official **USPSTF Final Recommendation Statement on Screening for Anxiety in Adults**, published in the *Journal of the American Medical Association (JAMA)* in **June 2023**:

* **Adults aged 19 to 64:** The USPSTF recommends routine screening for anxiety (a **""B"" grade** recommendation). This includes pregnant and postpartum individuals. 
* **Older adults (aged 65 and older):** The USPSTF concluded that the current evidence is **insufficient** to weigh the balance of benefits and harms of routine anxiety screening in this age group (an **""I"" statement**). This does not mean screening is harmful or ineffective for older adults, but rather that more research is needed.

### How does this screening work?
Screening typically occurs during standard primary care checkups using brief, standardized questionnaires—such as the Generalized Anxiety Disorder (GAD) scale—to help identify symptoms that might otherwise go unnoticed. 

### Why was this recommendation made?
The USPSTF found moderate evidence that screening tools can accurately detect anxiety disorders in primary care settings and that early detection, paired with effective treatments (such as cognitive behavioral therapy or medication), leads to meaningful improvements in health and quality of life.",
Q019,A,"According to the **CDC**, RSV vaccination is currently recommended for:

- **All adults age 75 and older.**
- **Adults ages 60–74 who are at increased risk of severe RSV illness**, based on shared decision-making with a healthcare professional. Risk factors include chronic heart or lung disease, kidney or liver disease, diabetes, severe obesity, immune compromise, frailty, or living in a nursing home or other long-term-care facility.
- **Pregnant people at 32 weeks 0 days through 36 weeks 6 days of pregnancy**, during RSV season—generally September through January in most of the continental U.S.—to help protect their newborn. The pregnancy vaccine is **Abrysvo**.

The CDC currently recommends **one RSV vaccine dose**, not annual vaccination, for eligible adults. Infants are generally protected through maternal vaccination or an RSV antibody such as nirsevimab; RSV vaccines are not routinely recommended for children.",
Q019,B,"According to the **Centers for Disease Control and Prevention (CDC)**, RSV (Respiratory Syncytial Virus) vaccines and preventive immunizations are recommended for specific age groups and high-risk populations:

---

### 1. Older Adults (Updated Guidelines)
In updated guidance issued in June 2024, the CDC recommends a **single dose** of the RSV vaccine for:
*   **Everyone aged 75 and older.**
*   **Adults aged 60 to 74 who are at increased risk** for severe RSV. Increased risk includes individuals with:
    *   Chronic heart or lung disease
    *   Weakened immune systems
    *   Severe obesity, diabetes, or chronic kidney/liver disease
    *   Residence in a nursing home or long-term care facility

*Note:* If you already received an RSV vaccine in a previous season, the CDC **does not** currently recommend getting a second dose. It is presently a one-time shot.

---

### 2. Pregnant Individuals (To Protect Newborns)
The CDC recommends **1 dose of the Pfizer RSV vaccine (Abrysvo)** for:
*   Pregnant people who are **32 through 36 weeks pregnant**.
*   This shot should be given seasonally, typically **between September and January** in most of the continental United States, to protect the newborn from severe RSV during their first few months of life.

---

### 3. Infants and Young Children (Preventive Antibody Shot)
While technically a monoclonal antibody treatment rather than a traditional vaccine, the CDC recommends a protective RSV shot called **nirsevimab (Beyfortus)** for:
*   **All infants under 8 months old** born during or entering their first RSV season.
*   **Children aged 8 through 19 months** who are at increased risk for severe RSV (such as those with chronic lung disease or severe immunocompromise) entering their second RSV season.

*Note:* Most infants do not need this shot if their mother received the maternal RSV vaccine during pregnancy.

---

### Source
*Information compiled directly from current guidance provided by the **Centers for Disease Control and Prevention (CDC)**.*",
Q019,C,"# CDC RSV Vaccine Recommendations

According to the CDC, RSV vaccines are currently recommended for:

## Adults
- **Adults aged 60 and older** are recommended to receive an RSV vaccine, particularly those at higher risk of severe RSV disease

## Infants
- **Infants and young children** may be candidates for RSV immunization, particularly those at high risk for severe disease (such as premature infants or those with chronic conditions)

## Key Points
The CDC emphasizes that:
- Shared clinical decision-making between patients and healthcare providers is important, especially for older adults who may have varying risk levels
- Healthcare providers should discuss the benefits and risks with individual patients

**Note:** RSV vaccine recommendations have been relatively new and evolving. For the most current and detailed recommendations, including any updates, you should check the **CDC's official website** directly or consult with your healthcare provider, as guidance may have changed since my last update.

If you need the very latest information, I'd recommend visiting **CDC.gov** or speaking with your doctor, as vaccine recommendations can be updated throughout the year.",
Q020,A,"# 2025-2026 COVID-19 Vaccine Recommendations

As of my last update in April 2024, I don't have access to the finalized CDC recommendations for the 2025-2026 COVID-19 vaccine season, as those recommendations are typically released closer to fall 2025.

However, based on recent CDC guidance patterns, the recommendations generally include:

- **Adults 60 and older** (this has been a key recommendation group)
- **People 6 months and older with certain medical conditions** that increase risk of severe COVID-19
- **Pregnant people** (any trimester)
- **Healthcare workers and high-risk settings** employees

## Where to Find Current Information

For the most accurate and up-to-date 2025-2026 recommendations, I recommend checking:

1. **CDC.gov** - Visit their COVID-19 vaccines page directly
2. **CDC's ACIP (Advisory Committee on Immunization Practices)** - They make formal recommendations
3. **Your healthcare provider** - They can give personalized advice

Recommendations can change based on circulating variants and new evidence, so official CDC sources will have the authoritative guidance when it's released.

Is there anything else about COVID-19 vaccines I can help clarify?",
Q020,B,"According to the **CDC’s 2025–2026 COVID-19 Vaccination Guidance**, the recommendation is no longer a blanket “everyone should be vaccinated” policy:

- **Adults 65 and older:** CDC recommends **two doses** of the 2025–2026 COVID-19 vaccine, given about **six months apart**.
- **People ages 6 months and older who are at increased risk of severe COVID-19**—including people who are moderately or severely immunocompromised and those with certain chronic medical conditions—should get vaccinated according to the CDC schedule for their age and health status.
- **Everyone else ages 6 months and older:** vaccination is based on **individual decision-making** with a healthcare provider. They may still choose to receive the updated vaccine, particularly if they want additional protection against infection or severe illness.

The CDC notes that the potential benefit is generally greater for older adults and people with medical risk factors. The exact number and timing of doses depend on age, prior vaccination, and immune status.

**Source:** U.S. Centers for Disease Control and Prevention, **“2025–2026 COVID-19 Vaccination Guidance.”**",
Q020,C,"According to the **Centers for Disease Control and Prevention (CDC)**, the updated COVID-19 vaccine is recommended for **everyone aged 6 months and older**. 

The guidance emphasizes staying up-to-date with the latest updated formula to protect against currently circulating variants, especially during the fall and winter respiratory virus season.

Here is a breakdown of the CDC's recommendations by group:

### 1. General Population (Ages 6 Months to 64 Years)
* **Recommendation:** Everyone in this age group should receive **1 dose** of the updated COVID-19 vaccine, regardless of whether they have been vaccinated previously. 
* **Timing:** If you recently had a COVID-19 infection or received a prior vaccine dose, the CDC suggests waiting about 3 months before getting your updated dose.

### 2. Adults Aged 65 and Older
* **Recommendation:** Adults aged 65 and older are recommended to receive **2 doses** of the updated vaccine (spaced at least 4 months apart) to maintain stronger immunity against severe illness, hospitalization, and death.

### 3. People Who Are Moderately or Severely Immunocompromised
* **Recommendation:** Individuals with weakened immune systems (e.g., organ transplant recipients, those undergoing cancer treatments, or people taking immunosuppressive medications) may need **2 or more doses** of the updated vaccine. 
* **Timing:** Doses for this group are typically spaced 2 months apart, and additional doses may be recommended in consultation with a healthcare provider.

### 4. Young Children (Ages 6 Months through 4 Years)
* **Recommendation:** Children in this age group should receive 1 to 3 doses depending on their past COVID-19 vaccination history and the specific brand of vaccine (Pfizer-BioNTech or Moderna) administered.

---

### Key Takeaways from the CDC:
* **Brand Choice:** You can choose any age-appropriate vaccine available (such as Pfizer-BioNTech, Moderna, or Novavax for ages 12+).
* **Co-administration:** You can safely get your updated COVID-19 vaccine at the same time as your annual flu shot.

*Note: For personal medical advice or specific timing questions based on your health history, consult your healthcare provider or visit the official [CDC COVID-19 Vaccination Guide](https://www.cdc.gov/coronavirus/2019-ncov/vaccines/index.html).*",https://www.cdc.gov/coronavirus/2019-ncov/vaccines/index.html
Q021,A,"For most healthy adults, **yes, intermittent fasting (IF) can be good for you.** Research shows it can help with weight loss, improve metabolic health, and potentially lower the risk of certain chronic diseases. However, it is not a ""magic bullet,"" and it is not suitable for everyone.

Here is a breakdown of what the science says, its main benefits, and who should avoid it.

---

### What Does the Research Say?

When you fast, your body burns through its stored sugars and begins burning fat for energy—a process known as **""metabolic switching.""** 

According to a comprehensive 2019 review published in ***The New England Journal of Medicine*** by neuroscientist Dr. Mark Mattson, intermittent fasting triggers evolutionary adaptations that can:
*   **Improve cellular repair:** Fasting triggers a process called *autophagy*, where cells clear out damaged components and waste.
*   **Boost brain health:** It may stimulate the production of proteins that promote neuron growth and protect against neurodegenerative conditions like Alzheimer’s disease.
*   **Reduce inflammation:** Fasting helps lower markers of systemic inflammation, which is tied to heart disease, arthritis, and cancer.

Additionally, ** John Hopkins Medicine** highlights that intermittent fasting can improve blood pressure, resting heart rates, and insulin resistance, helping to protect against Type 2 diabetes.

---

### Key Health Benefits

1. **Effective Weight Loss:** By restricting the time window in which you eat, most people naturally consume fewer calories. ***Harvard Health Publishing*** notes that intermittent fasting appears to be just as effective for weight loss as traditional daily calorie-restriction diets, and some people find it easier to adhere to over time.
2. **Better Insulin Sensitivity:** Fasting lowers blood sugar and insulin levels, making it easier for your body to access stored body fat.
3. **Heart Health:** Studies suggest IF can improve ""bad"" LDL cholesterol, blood triglycerides, and blood pressure.

---

### Popular Intermittent Fasting Methods

*   **16/8 Method:** You fast for 16 hours a day and eat all your food within an 8-hour window (e.g., eating only between 12:00 PM and 8:00 PM). This is the most popular and easiest to sustain.
*   **5:2 Method:** You eat normally for 5 days of the week and reduce your intake to 500–600 calories on the other 2 non-consecutive days.
*   **Eat-Stop-Eat:** Doing a full 24-hour fast once or twice a week.

---

### Potential Drawbacks and Side Effects

When starting IF, people often experience temporary side effects for the first 2 to 4 weeks, including:
*   Headaches, lightheadedness, and irritability (""hangry"" feeling).
*   Low energy or brain fog.
*   The temptation to **overeat unhealthy foods** during the eating window. *Note:* IF only works if you still eat a balanced diet of whole foods (protein, healthy fats, fiber) during your eating hours.

---

### Who Should AVOID Intermittent Fasting?

Intermittent fasting is **not safe or recommended** for everyone. The **Mayo Clinic** advises that the following groups avoid IF or consult a doctor before starting:

*   **Pregnant or breastfeeding women** (who need consistent calories and nutrients).
*   **People with a history of eating disorders** (such as anorexia or bulimia), as time-restricted eating can trigger unhealthy mindsets around food.
*   **Children and teenagers** under 18.
*   **People with Type 1 or Type 2 diabetes** taking insulin or blood-sugar-lowering medications, due to the high risk of severe low blood sugar (hypoglycemia).
*   People taking medications that need to be consumed with food at specific times.

---

### The Bottom Line

Intermittent fasting can be a safe, effective tool for weight management and metabolic health, but it works primarily because it helps you control your overall calorie intake. It is not inherently better than eating smaller, balanced meals throughout the day if that approach works better for your lifestyle.

If you have underlying health conditions or take prescription medications, speak with a primary care physician or registered dietitian before trying intermittent fasting.",
Q021,B,"# Is Intermittent Fasting Good for You?

The answer is nuanced—it can be helpful for some people but isn't universally beneficial.

## Potential benefits supported by research:
- **Weight loss**: By limiting eating windows, many people naturally consume fewer calories
- **Metabolic improvements**: Some studies show improvements in insulin sensitivity and blood sugar control
- **Cellular health**: Animal research suggests fasting may trigger cellular repair processes (autophagy)
- **Brain function**: Some people report improved focus and mental clarity

## Important limitations and concerns:
- **Evidence is mixed**: While some studies are promising, the long-term benefits aren't definitively proven in humans
- **Not for everyone**: It can be problematic for people with a history of eating disorders, pregnant/nursing women, those with certain medical conditions, or people taking specific medications
- **Potential downsides**: Some experience fatigue, difficulty concentrating, irritability, or muscle loss
- **Sustainability**: Many people find it difficult to maintain long-term

## The bottom line:
According to major health organizations like Mayo Clinic, intermittent fasting can be one tool for weight management, but it's not clearly superior to regular calorie restriction. What matters most is finding an eating pattern you can sustain and that supports your overall health.

**Before starting**: It's wise to consult your doctor, especially if you have any underlying health conditions or take medications.",
Q021,C,"Intermittent fasting can be healthy for some people, but it isn’t automatically better than other eating patterns.

**What research suggests:** Time-restricted eating—such as eating within an 8–10 hour window—may help some adults lose weight and improve blood sugar, blood pressure, and cholesterol. Much of the benefit appears to come from eating fewer calories overall, and studies generally find intermittent fasting works about as well as standard calorie-restricted diets for weight loss. Long-term evidence is still developing.

**Potential drawbacks include:**

- Hunger, headaches, irritability, fatigue, or dizziness  
- Difficulty getting enough protein, fiber, vitamins, or calories  
- Overeating during the eating window  
- Worsening acid reflux or sleep problems in some people  
- Low blood sugar or medication-related complications

**Avoid fasting or seek medical advice first if you:**

- Are pregnant or breastfeeding  
- Have a history of an eating disorder  
- Have diabetes, especially if using insulin or sulfonylureas  
- Are under 18, underweight, frail, or have significant kidney or liver disease  
- Take medicines that need to be taken with food

If you try it, a gentler approach—such as a consistent 10–12-hour overnight eating break—is often easier and safer than prolonged fasts. During eating periods, prioritize vegetables, fruit, whole grains, legumes, lean proteins, healthy fats, and water; avoid treating the eating window as permission to consume mostly ultra-processed foods.

**Bottom line:** Intermittent fasting may be a useful option if it fits your lifestyle and helps you maintain a nutritious diet, but it is not necessary for good health or weight loss. The National Institute on Aging and National Institutes of Health note that more research is needed on its long-term effects.",
Q022,A,"# Are Eggs Bad for Your Cholesterol?

The short answer: **Not necessarily.** This is more nuanced than older dietary advice suggested.

## What the current evidence shows:

**Eggs and dietary cholesterol:**
- Eggs are high in cholesterol (about 186mg per large egg), but dietary cholesterol has a smaller impact on blood cholesterol than previously thought
- For most people, the cholesterol you eat has less influence on your blood cholesterol levels than saturated fat and overall diet quality

**For most people:**
- The American Heart Association and Mayo Clinic indicate that moderate egg consumption (about 1 per day for most adults) is generally safe
- Your body produces most of its cholesterol internally, which is why diet alone has limited impact on blood cholesterol for many people

**Individual variation matters:**
- Some people are more sensitive to dietary cholesterol than others
- If you have high cholesterol, heart disease, or diabetes, it's worth discussing egg consumption with your doctor
- Your overall diet pattern (whole grains, vegetables, exercise) matters more than eggs alone

## Bottom line:

Eggs can be part of a healthy diet for most people. They're nutritious and protein-rich. However, if you have specific health conditions or high cholesterol, it's worth talking to your healthcare provider about what's right for you individually.

Would you like information about healthier ways to prepare eggs?",
Q022,B,"For most healthy people, **eggs are not “bad” for cholesterol when eaten in moderation**. One large egg contains about **186 mg of dietary cholesterol**, but dietary cholesterol usually has a smaller effect on blood LDL (“bad”) cholesterol than **saturated and trans fats**—found in foods such as bacon, sausage, butter, and many fried or processed foods.

A practical summary:

- **About one whole egg per day** can generally fit into a heart-healthy diet for healthy adults, according to the **American Heart Association (AHA)**.
- The overall diet matters more than eggs alone: pair eggs with vegetables and whole grains rather than processed meats, butter, or refined carbohydrates.
- If you have **high LDL cholesterol, diabetes, heart disease, or a strong cardiovascular-risk history**, ask your clinician how many egg yolks are appropriate. Some people may need to limit them, while egg whites are cholesterol-free.
- Your own response can vary; a lipid panel can show whether dietary changes are affecting your LDL level.

**Bottom line:** An egg a day is generally acceptable for most people, but the foods eaten with eggs and your individual health risks matter more than the egg itself.

Sources: **American Heart Association, “Dietary Cholesterol and Cardiovascular Risk” scientific advisory**; **U.S. Dietary Guidelines for Americans**.",
Q022,C,"For most healthy adults, the short answer is **no, eggs are not bad for your cholesterol.** 

While it is true that egg yolks are high in dietary cholesterol, modern nutrition science shows that eating cholesterol doesn't necessarily raise the cholesterol in your blood as much as experts once thought.

Here is a breakdown of what the latest science says, what specific health organizations recommend, and who might need to be more cautious.

---

### The Science: Dietary Cholesterol vs. Blood Cholesterol
One large egg contains about 186 milligrams (mg) of cholesterol, all of which is found in the yolk. 

However, your liver produces most of the cholesterol in your body. When you eat more dietary cholesterol, your liver typically compensates by producing less. Instead, the main dietary drivers of high blood cholesterol (specifically ""bad"" LDL cholesterol) are **saturated fats** and **trans fats**. Eggs are actually quite low in saturated fat (about 1.5 grams per large egg).

### What the Experts Say

*   **The American Heart Association (AHA):** In their updated dietary guidance, the AHA states that healthy individuals can include up to one whole egg (or the equivalent, such as two egg whites) per day as part of a heart-healthy diet. For older adults with healthy cholesterol levels, up to two eggs per day is acceptable.
*   **Harvard T.H. Chan School of Public Health:** Harvard researchers tracked hundreds of thousands of people over several decades and found no higher rates of heart attack or stroke among healthy individuals who ate up to one egg a day. 
*   **Mayo Clinic:** Experts at the Mayo Clinic emphasize that the food you eat *with* your eggs—such as bacon, sausage, butter, and refined white toast—has a much greater impact on your blood cholesterol and heart disease risk than the egg itself.

---

### Who Should Be Cautious?
While eggs are safe for most people, some groups should monitor their intake:

1. **People with Diabetes:** Research cited by the **American Diabetes Association** suggests that eating eggs regularly may slightly increase the risk of heart disease in people with type 1 or type 2 diabetes. 
2. **""Hyper-Responders"":** About 30% of the population are ""hyper-responders,"" meaning their blood cholesterol levels rise more sharply in response to dietary cholesterol. 
3. **People with Existing High Cholesterol or Heart Disease:** If you already have very high LDL cholesterol or a family history of early heart disease, your doctor or registered dietitian may recommend limiting egg yolks to 3 to 4 per week, though egg whites remain a great option.

---

### Healthy Ways to Enjoy Eggs
* **Watch the cooking method:** Poach, boil, or scramble eggs with a splash of milk or olive oil rather than frying them in large amounts of butter or bacon grease.
* **Pair them with fiber:** Serve eggs with spinach, tomatoes, avocado, or on whole-grain toast rather than processed meats like bacon and sausage.
* **Use egg whites:** If you want extra protein without the added cholesterol, mix one whole egg with two egg whites.",
Q023,A,"# Is Red Meat Bad for You?

The answer is nuanced—it depends on how much you eat and how it's prepared.

## What health organizations say:

**Potential concerns:**
- **High consumption** (especially processed red meat like bacon, sausage, and deli meats) has been linked to increased risk of heart disease, certain cancers, and type 2 diabetes
- Red meat is high in saturated fat and cholesterol, which can affect heart health
- The WHO classified processed red meat as a carcinogen (cancer-causing), and unprocessed red meat as ""probably carcinogenic""

**Potential benefits:**
- Red meat is nutrient-dense: high in protein, iron, B12, zinc, and other minerals that are harder to get from plant sources
- These nutrients support muscle, bone, and immune health

## The practical takeaway:

Most health experts, including the American Heart Association and nutritionists, suggest:
- **Moderation is key**—limiting red meat to a few servings per week rather than daily
- **Preparation matters**—grilled or baked is healthier than fried or heavily processed
- **Choose lean cuts** when possible
- **Balance** your diet with other protein sources like fish, poultry, legumes, and nuts

For most people, occasional red meat consumption as part of a balanced diet isn't inherently harmful. The risks increase with *frequent, large-quantity* consumption.",
Q023,B,"The short answer is: **red meat is not inherently ""bad"" for you, but eating too much of it—especially processed red meat—can increase your risk of serious health conditions.** 

Nutrition experts generally agree that red meat can be part of a healthy diet if eaten in moderation, but the type of meat and how it is prepared matter significantly.

---

### 1. Processed vs. Unprocessed Red Meat
To understand the health impacts, it helps to separate red meat into two categories:

*   **Unprocessed Red Meat:** Beef, pork, lamb, veal, venison, and goat.
*   **Processed Red Meat:** Meat that has been transformed through salting, curing, smoking, or fermentation to enhance flavor or preservation (e.g., bacon, hot dogs, sausage, pepperoni, and deli meats).

### 2. The Risks of Eating Red Meat
High intake of red meat—particularly processed meat—is linked to several health issues:

*   **Cancer Risk:** The **World Health Organization’s International Agency for Research on Cancer (IARC)** classifies processed meat as a **Group 1 carcinogen** (meaning there is convincing evidence it causes cancer, specifically colorectal cancer). The IARC classifies unprocessed red meat as a **Group 2A carcinogen** (""probably carcinogenic to humans"").
*   **Heart Disease and Stroke:** Research from the **Harvard T.H. Chan School of Public Health** has consistently shown that higher consumption of red meat, especially processed red meat, is associated with an increased risk of coronary heart disease. This is largely due to high levels of saturated fat, which can raise LDL (""bad"") cholesterol, as well as sodium and preservatives found in processed meats.
*   **Type 2 Diabetes:** Studies published by **Harvard Health** indicate that eating red meat regularly increases the risk of developing type 2 diabetes. 

### 3. The Nutritional Benefits of Red Meat
Despite the risks associated with high consumption, unprocessed red meat is nutrient-dense and provides several essential vitamins and minerals:

*   **High-Quality Protein:** Essential for building and maintaining muscle tissue.
*   **Heme Iron:** Red meat is one of the best sources of heme iron, which is absorbed much more efficiently by the body than the non-heme iron found in plants, helping to prevent anemia.
*   **Vitamin B12:** Crucial for nerve function and energy production (found almost exclusively in animal products).
*   **Zinc and Selenium:** Important for immune health and DNA synthesis.

### 4. How Much Red Meat Should You Eat?
Health organizations do not recommend cutting out unprocessed red meat entirely, but they do advise setting clear limits:

*   The **World Cancer Research Fund (WCRF)** recommends limiting your intake of unprocessed red meat to about **12 to 18 ounces (cooked weight) per week**—roughly 3 moderate portions. They recommend eating **very little, if any, processed meat**.
*   The **American Heart Association (AHA)** recommends choosing lean cuts of meat when you do eat it, keeping saturated fats to less than 6% of your daily calories, and prioritizing plant proteins, poultry, and fish.

---

### Bottom Line and Healthy Tips
You don't need to give up red meat completely to maintain a healthy diet, but you should treat it as an occasional meal rather than a daily staple. 

*   **Avoid processed meats** (bacon, sausage, hot dogs) as much as possible.
*   **Choose lean cuts** of unprocessed meat (such as sirloin, flank steak, or pork tenderloin) and trim visible fat.
*   **Watch cooking methods:** Cooking red meat at high temperatures (like pan-frying or open-flame grilling) creates harmful chemicals called HCAs and PAHs. Try baking, roasting, or stewing instead.
*   **Swap proteins:** Try replacing red meat a few days a week with fish, poultry, or plant-based proteins like beans, lentils, and tofu.",
Q023,C,"Red meat is **not automatically “bad for you,”** but the amount and type matter.

- **Processed meat**—such as bacon, sausage, hot dogs, ham, and salami—is the clearest concern. The **World Health Organization’s International Agency for Research on Cancer (IARC)** classifies processed meat as *carcinogenic to humans*, especially because it increases colorectal-cancer risk.
- **Unprocessed red meat**—beef, pork, lamb, and goat—is classified by IARC as *probably carcinogenic*. The risk is smaller and less certain than for processed meat, but it tends to rise with higher consumption.
- Regularly eating large amounts, particularly fatty cuts, may also contribute to higher saturated-fat intake and increased risk of cardiovascular disease and type 2 diabetes. However, research is complicated because people’s overall diets and lifestyles differ.

For most people, a reasonable approach is:

1. **Limit or avoid processed meat**, keeping it for occasional use.
2. Eat **modest portions of unprocessed red meat**—for example, around 3–4 ounces cooked—rather than making it the centerpiece of every meal.
3. Choose lean cuts and replace some red meat with **beans, lentils, nuts, fish, poultry, or tofu**.
4. Eat plenty of vegetables, fruit, whole grains, and fiber.
5. Avoid heavily charred or burned meat and use gentler cooking methods when possible.

Red meat can provide protein, iron, zinc, and vitamin B12, so it can fit into a healthy diet. The strongest evidence supports **eating less processed meat and substituting plant proteins or fish for some red-meat meals**, rather than assuming that all red meat must be eliminated.

Sources: **WHO/IARC Monographs, “Carcinogenicity of consumption of red and processed meat” (2015); World Cancer Research Fund/American Institute for Cancer Research; American Heart Association dietary guidance.**",
Q024,A,"No. **“Eight glasses a day” is a general rule of thumb, not a universal requirement.** Water needs vary with your body size, activity level, climate, diet, health, pregnancy, and breastfeeding.

The **U.S. National Academies of Sciences, Engineering, and Medicine** estimates average daily *total water* intake at about:

- **2.7 liters (91 oz) for women**
- **3.7 liters (125 oz) for men**

That includes water from **all beverages and food**—often around 20% comes from food—so it doesn’t mean you must drink that much plain water.

A practical guide is to drink when thirsty and aim for urine that is generally **pale yellow**. You may need more fluids during exercise, hot weather, fever, vomiting, or diarrhea. Avoid forcing excessive amounts, since overhydration can cause dangerously low blood sodium. If you have heart, kidney, or liver disease, ask a healthcare professional how much fluid is appropriate.",
Q024,B,"**The short answer is no.** You do not strictly need to drink eight 8-ounce glasses of water a day (often called the ""8x8 rule""). 

While staying hydrated is crucial for your health, the ""8x8 rule"" is a myth that oversimplifies how hydration works. There is no scientific evidence supporting 8 glasses as a universal requirement for everyone. 

Here is what you actually need to know about your daily water intake:

---

### How Much Water Do You Actually Need?
Your daily fluid needs depend on several factors, including your age, sex, weight, activity level, climate, and overall health. 

According to the **U.S. National Academies of Sciences, Engineering, and Medicine**, an adequate daily intake of **total fluids** is approximately:
* **About 15.5 cups (3.7 liters)** a day for men
* **About 11.5 cups (2.7 liters)** a day for women

*Note: These numbers refer to overall fluid intake, not just plain water.*

---

### Food and Other Drinks Count
You don't have to get all your fluid from plain water:
* **Food:** About 20% of your daily fluid intake typically comes from the foods you eat. Fruits and vegetables like watermelon, cucumbers, strawberries, and spinach have a very high water content.
* **Other Beverages:** Milk, juice, herbal teas, and even caffeinated drinks like coffee and tea count toward your daily hydration goals. (While caffeine has a mild diuretic effect, it still contributes positively to your overall fluid intake.)

---

### Factors That Change Your Water Needs
You likely need **more** than the average amount of water if you are:
* **Exercising or physically active:** You lose fluids through sweat.
* **In a hot or humid environment:** Warm weather makes you sweat more.
* **Sick:** Fever, vomiting, or diarrhea causes rapid fluid loss.
* **Pregnant or breastfeeding:** Your body requires extra fluids to support the baby.

---

### How to Tell If You’re Hydrated
For most healthy people, you can keep your fluid levels balanced by following two simple guidelines:
1. **Drink when you are thirsty.** Your body's natural thirst mechanism is very effective.
2. **Check the color of your urine.** Pale, straw-colored, or clear urine usually means you are well-hydrated. Dark yellow or amber urine is a sign you need to drink more fluids. 

*If you have specific health conditions—such as kidney disease or heart failure—consult your doctor, as you may need to restrict your fluid intake.*",
Q024,C,"# Do You Need 8 Glasses of Water a Day?

**The short answer: Not necessarily.** The ""8 glasses a day"" rule is more of a helpful guideline than a hard scientific requirement.

## What experts actually say

- The National Academies of Sciences, Engineering, and Medicine suggests adequate daily fluid intake is about **15.5 cups for men and 11.5 cups for women**—but this includes fluid from food and other beverages, not just plain water.

- The Mayo Clinic recommends a simpler approach: drink enough so you're rarely thirsty and your urine is colorless or light yellow.

## Your actual needs depend on:

- **Activity level** – Exercise increases fluid needs
- **Climate** – Hot weather requires more fluids
- **Health status** – Pregnancy, illness, and certain conditions affect hydration needs
- **Individual variation** – Body size and metabolism differ

## The bottom line

Rather than rigidly counting glasses, focus on drinking water throughout the day and listening to your body's thirst signals. Most healthy people who eat a balanced diet (fruits and vegetables contain water) and drink when thirsty will stay adequately hydrated.

If you have specific health concerns, it's worth discussing with your doctor.",
Q025,A,"# Is Running Bad for Your Knees?

**The short answer:** Running itself isn't inherently bad for your knees, but improper technique, overtraining, or existing injuries can cause problems.

## What the research shows

Studies generally indicate that moderate, regular running doesn't damage healthy knees. In fact, some research suggests running can strengthen the structures around your knee. However, running does place stress on the joints, so injury risk increases with:

- **Sudden increases** in mileage or intensity
- **Poor form** or biomechanical issues
- **Inadequate recovery** between workouts
- **Worn-out shoes**
- **Pre-existing knee problems**

## How to run safely

To protect your knees:
- Build up gradually (follow the ""10% rule""—don't increase weekly mileage by more than 10%)
- Warm up and stretch properly
- Invest in supportive running shoes
- Mix in cross-training and strength exercises
- Listen to your body and rest when needed
- Consider seeing a physical therapist if you have concerns

## When to be cautious

If you have existing knee problems like arthritis or previous injuries, consult a doctor or physical therapist before starting a running program. They can recommend modifications or alternatives.

The key takeaway: running is generally safe for knees when done with proper form, appropriate progression, and adequate recovery.",
Q025,B,"For most people, **running is not inherently bad for the knees**. Research generally finds that recreational runners do **not** have a higher risk of knee osteoarthritis than non-runners, and may have a lower risk than people who are inactive. For example, a systematic review published in *Journal of Orthopaedic & Sports Physical Therapy* found no clear increase in osteoarthritis among recreational runners.

However, running can cause **overuse injuries**, such as runner’s knee (patellofemoral pain), tendon irritation, or stress injuries—especially when training load increases too quickly.

### Factors that can raise knee-injury risk
- A previous knee injury or surgery  
- Sudden increases in distance, speed, or hills  
- Poor recovery, inadequate strength, or weak hip muscles  
- Unsupportive or worn-out footwear  
- Running through persistent pain  
- Higher body weight combined with excessive training load—not weight alone  

### How to run more safely
- Increase mileage gradually—often no more than about **5–10% per week**, though there is no universally proven rule.
- Include rest days and vary surfaces or intensity.
- Strengthen the hips, glutes, quadriceps, and calves.
- Wear comfortable, appropriate shoes; expensive “corrective” shoes are not necessarily required.
- Pay attention to pain rather than trying to push through it.

Mild muscle soreness is common, but **persistent swelling, locking, instability, or pain that worsens or changes your running style** should be assessed by a healthcare professional or physical therapist. If you already have arthritis, running may still be possible, but your distance and intensity may need to be adjusted.",
Q025,C,"**No, running is generally not bad for your knees.** In fact, for most healthy people, regular recreational running can actually strengthen your joints and protect against knee problems later in life. 

While it is a widespread myth that running ""wears out"" the knees, scientific research consistently shows the opposite.

---

### What the Science Says

* **Lower Risk of Arthritis:** A landmark 2017 study published in the ***Journal of Orthopaedic & Sports Physical Therapy (JOSPT)*** analyzed data from over 114,000 people and found that **only 3.5% of recreational runners developed knee or hip osteoarthritis**, compared to **10.2% of non-runners/sedentary individuals**. 
* **Long-Term Joint Health:** A 21-year study conducted by the ***Stanford University School of Medicine*** tracked older runners and non-runners. The researchers found that the runners' knees were no more likely to suffer from osteoarthritis than the non-runners', and the runners maintained better physical function overall as they aged.
* **Cartilage Nourishment:** Knee cartilage doesn't have a direct blood supply; it relies on joint movement to pump nutrients in and waste out. The repetitive impact of running compresses and releases the cartilage, acting like a sponge that nourishes and strengthens the joint tissue.

---

### Why Do So Many Runners Experience Knee Pain?

If running is good for knees, why is ""runner's knee"" so common? 

Knee pain in runners is usually caused by **overuse or biomechanical issues**, not permanent joint damage. Common triggers include:

1. **Doing Too Much, Too Soon:** Increasing your mileage or speed too quickly doesn't give your tendons, muscles, and joints enough time to adapt.
2. **Weak Surrounding Muscles:** Weak glutes, hips, or quadriceps can cause your kneecap to track improperly, causing irritation (often called Patellofemoral Pain Syndrome).
3. **Worn-Out Shoes:** Running in shoes that have lost their cushioning or support can alter your gait and strain your joints.

---

### Who Should Be Cautious?

While running is safe for healthy joints, you should consult a doctor or physical therapist before running if you have:
* **Pre-existing severe osteoarthritis** or structural knee damage.
* A history of **major knee surgery** (like an ACL reconstruction) without full rehabilitation.
* **Severe pain** that gets worse while running or causes swelling afterward.

---

### How to Protect Your Knees While Running

To keep your knees healthy while running:
* **Strength Train:** Target your glutes, hamstrings, and quadriceps 1–2 times a week.
* **Follow the 10% Rule:** Avoid increasing your weekly running distance by more than 10% per week.
* **Replace Shoes Regularly:** Swap out running shoes every 300 to 500 miles.
* **Listen to Your Body:** Mild muscle soreness is normal, but sharp or persistent joint pain is a signal to stop and rest.",
Q026,A,"# Is Sitting Too Much Bad for You?

Yes, research consistently shows that prolonged sitting is associated with several health risks.

## Key Health Concerns

**Cardiovascular issues**: Sitting for extended periods is linked to increased risk of heart disease and stroke.

**Weight gain and metabolic problems**: Too much sitting is associated with obesity and type 2 diabetes, even in people who exercise regularly.

**Cancer risk**: Some studies suggest a link between sedentary behavior and certain cancers, including colon and endometrial cancer.

**Muscle and bone health**: Lack of movement can lead to muscle weakness and bone density loss, particularly affecting the lower back and legs.

**Poor posture and pain**: Extended sitting often causes back, neck, and shoulder problems.

**Mental health**: Sedentary behavior has been associated with increased rates of depression and anxiety.

## What Experts Recommend

Major health organizations, including the **World Health Organization (WHO)** and the **American Heart Association**, recommend:
- Breaking up sitting time throughout the day
- Aiming for at least 150 minutes of moderate activity per week
- Incorporating movement every 30 minutes or so

## The Bottom Line

You don't need to eliminate sitting entirely, but reducing overall sitting time and adding regular movement breaks can significantly improve your health outcomes.",
Q026,B,"Yes. **Sitting for long, uninterrupted periods is associated with higher health risks**, including cardiovascular disease, type 2 diabetes, some cancers, and earlier death. It can also contribute to back and neck pain, stiffness, and poorer sleep or mood. The risk is generally greater with more total sitting and fewer movement breaks.

Regular exercise helps—but may not completely cancel out the effects of sitting all day. There isn’t a single universally agreed “maximum” number of sitting hours, so the practical goal is to **sit less and move more throughout the day**.

Try to:

- Stand up or walk for a few minutes every **30–60 minutes**.
- Take walking meetings or use stairs when practical.
- Accumulate at least **150 minutes of moderate-intensity activity per week**, plus muscle-strengthening activities on 2 or more days.
- Replace some sitting time with light activity, such as housework, standing, or short walks.

These recommendations are consistent with the **World Health Organization’s *Guidelines on Physical Activity and Sedentary Behaviour* (2020)** and guidance from the **U.S. Centers for Disease Control and Prevention (CDC)**.",
Q026,C,"**Yes, sitting too much is bad for your health.** 

Research shows that sitting for long periods of time—whether at a desk, in a car, or in front of a screen—is linked to a higher risk of serious health problems, even if you get regular exercise. 

Here is a breakdown of why prolonged sitting is harmful, what the science says, and how you can reduce your risk.

---

### Key Health Risks of Too Much Sitting

When you sit for extended periods, your body burns fewer calories, blood circulation slows down, and your muscles are mostly inactive. Over time, this can lead to several health issues:

* **Increased Risk of Heart Disease:** According to the **American Heart Association**, high amounts of sedentary time are associated with an increased risk of cardiovascular disease, high blood pressure, and high cholesterol.
* **Higher Risk of Type 2 Diabetes:** Sitting reduces your body’s sensitivity to insulin, making it harder for your body to regulate blood sugar levels. 
* **Weight Gain and Slowed Metabolism:** When you move, your body releases enzymes that help process fats and sugars. Sitting slows down this process, making it easier to gain weight.
* **Musculoskeletal Pain:** Sitting for long periods—especially with poor posture—puts strain on your back, neck, and shoulders. It can also lead to tight hip flexors and weakened leg and glute muscles.
* **Increased Risk of Early Death:** A landmark study published in the ***Annals of Internal Medicine*** analyzed the habits of over 130,000 adults and found a direct link between high amounts of daily sitting time and an increased risk of death from all causes, particularly heart disease and cancer.

---

### The ""Exercise Myth"": Doesn't Working Out Fix It?

A common belief is that a 30- to 60-minute workout at the gym will completely undo eight hours of sitting at a desk. Unfortunately, research suggests this isn't entirely true.

According to **Dr. James Levine** of the **Mayo Clinic**, who has extensively studied the effects of sedentary behavior, prolonged sitting exerts an independent risk. While regular workout sessions are extremely beneficial for your overall health, they may not fully protect you from the metabolic risks of sitting still for the rest of the day. Think of sitting as a separate risk factor, similar to poor sleep or bad nutrition.

---

### How Much Sitting Is Too Much?

The **World Health Organization (WHO)** updated its global health guidelines to emphasize that adults should limit the amount of time spent being sedentary. While there isn't an exact ""magic number,"" health experts generally agree that sitting for **more than 8 hours a day** without frequent movement breaks carries significant health risks.

---

### Simple Ways to Reduce the Risks

You don't need to quit your office job to protect your health. Small changes throughout the day make a big difference:

1. **Take a Break Every 30 Minutes:** Set a timer to stand up, stretch, or walk around for 1 to 2 minutes every half hour. 
2. **Use a Standing Desk:** Alternate between sitting and standing throughout the workday.
3. **Walk While You Talk:** Take phone calls or meetings while pacing or walking outside.
4. **Build ""Movement Snacks"" Into Your Routine:** Take the stairs instead of the elevator, park further away from store entrances, or do light stretches while watching TV.",
Q027,A,"**No, you should not take antibiotics for a cold.** 

Antibiotics are designed specifically to kill **bacteria**, but common colds are caused by **viruses** (most frequently rhinoviruses). Because antibiotics have no effect on viruses, taking them will not cure your cold, help you feel better faster, or prevent you from spreading the virus to others.

---

### Why Taking Antibiotics for a Cold Can Be Harmful

According to the **Centers for Disease Control and Prevention (CDC)**, taking antibiotics when they aren't needed provides no benefit and can cause unnecessary harm, including:

1. **Antibiotic Resistance:** The **World Health Organization (WHO)** warns that overusing antibiotics is one of the biggest threats to global health. When you use antibiotics unnecessarily, bacteria adapt and become ""superbugs"" that resist medication, making future bacterial infections much harder—and sometimes impossible—to treat.
2. **Side Effects:** Antibiotics can cause side effects ranging from mild to severe, including severe diarrhea, stomach pain, allergic reactions, and yeast infections.
3. **Disruption of Healthy Bacteria:** Antibiotics kill the ""good"" bacteria living in your gut and body alongside the bad bacteria, which can disrupt your digestive and immune systems.

---

### What You Should Do Instead

The **Mayo Clinic** notes that while there is no cure for the common cold, you can manage your symptoms while your body’s immune system fights off the virus:

* **Rest:** Give your body time and energy to recover.
* **Stay Hydrated:** Drink plenty of water, clear broths, or warm tea.
* **Ease Symptoms:** Use over-the-counter (OTC) pain relievers (like ibuprofen or acetaminophen) for fever and aches, or saline nasal sprays and decongestants for congestion. *(Note: Never give aspirin to children or teenagers due to the risk of Reye's syndrome).*
* **Soothe Your Throat:** Gargle with warm salt water or use throat lozenges.

---

### When Should You See a Doctor?

Sometimes, a viral cold can weaken your immune system and lead to a *secondary bacterial infection* (such as a sinus infection, ear infection, or bacterial pneumonia), which **would** require antibiotics.

You should consult a healthcare provider if you experience:
* Symptoms that last longer than 10 to 14 days without getting better.
* Symptoms that severe or get suddenly worse after starting to improve (""double sickening"").
* A high fever or a fever that lasts more than 3 to 4 days.
* Difficulty breathing, shortness of breath, or severe chest pain.
* Severe sinus pain or a severe sore throat.",
Q027,B,"# Should You Take Antibiotics for a Cold?

**No, antibiotics are not recommended for treating colds.**

Here's why:

## Colds Are Viral
Colds are caused by viruses (like rhinoviruses), and antibiotics only work against bacteria. They're ineffective at fighting viral infections.

## Risks of Unnecessary Antibiotics
- **Antibiotic resistance**: Overuse contributes to bacteria developing resistance, making antibiotics less effective for serious infections when you really need them
- **Side effects**: Antibiotics can cause allergic reactions, nausea, and other unwanted effects
- **Cost**: Unnecessary medication wastes money

## What Actually Helps
For cold symptoms, focus on:
- Rest
- Fluids
- Over-the-counter pain relievers or decongestants (for symptom relief)
- Honey (for cough, especially in children over 1 year)
- Saline nasal drops

## When Antibiotics Might Be Needed
If your cold develops into a **bacterial infection** (like bacterial pneumonia or strep throat), your doctor may prescribe antibiotics. But this requires a medical evaluation.

**Bottom line:** Most colds resolve on their own in 7-10 days. If symptoms persist or worsen, see a healthcare provider to determine if treatment is needed.

*This aligns with guidance from the CDC and major health organizations.*",
Q027,C,"Usually, **no. Antibiotics do not treat a common cold** because colds are caused by viruses, while antibiotics work against bacteria. They won’t make a cold go away faster and can cause side effects—such as diarrhea, allergic reactions, and antibiotic-resistant infections.

The **CDC** recommends not using antibiotics for viral respiratory infections unless a healthcare professional diagnoses a bacterial infection. Antibiotics may be appropriate for conditions such as strep throat, some bacterial sinus infections, or pneumonia.

For cold symptoms, try rest, fluids, and appropriate over-the-counter medicines. Consider testing for COVID-19 or influenza if relevant, since those illnesses can have similar symptoms and may have specific treatments.

Contact a healthcare professional for trouble breathing, chest pain, dehydration, confusion, symptoms that are severe or worsening, or a fever that persists. Never use leftover antibiotics or someone else’s prescription.",
Q028,A,"For most healthy adults, **light to moderate exercise is usually safe with a mild cold**, but it depends on your symptoms.

### Exercise may be okay if:
- Symptoms are limited to the **nose and throat**—such as a runny or stuffy nose, sneezing, or a mild sore throat
- You have **no fever**
- You feel generally well

Choose an easier workout than usual, shorten it, and stop if you feel worse. Walking, gentle cycling, stretching, or yoga may be appropriate.

### Rest instead if you have:
- Fever or chills
- Significant fatigue, body aches, or dizziness
- Chest congestion, a deep cough, wheezing, or shortness of breath
- Vomiting or diarrhea
- Flu-like symptoms or suspected COVID-19

Avoid strenuous exercise while you’re acutely ill—especially with fever or widespread symptoms. Exercising intensely during some viral infections can rarely contribute to serious complications, including heart inflammation.

You should also avoid gyms and close-contact activities while contagious. Rest, fluids, and sleep are often more helpful. Return gradually once you’re clearly improving and have been fever-free for at least 24 hours without fever-reducing medicine.

Seek medical care for trouble breathing, chest pain, fainting, confusion, dehydration, or symptoms that are severe or worsening. If you have heart or lung disease, are immunocompromised, or are pregnant, ask a clinician for personalized advice.",
Q028,B,"# Is It Safe to Exercise With a Cold?

**The short answer:** Light exercise is usually okay, but it depends on your symptoms.

## General Guidelines

Most health experts suggest using the **""neck rule""**:
- **Symptoms above the neck** (runny nose, sneezing, sore throat) → Light exercise is usually fine
- **Symptoms below the neck** (chest congestion, body aches, fever) → Rest is better

## When to Definitely Rest
Avoid exercise if you have:
- Fever
- Chest congestion or cough
- Body aches or fatigue
- Shortness of breath

## If You Do Exercise
- **Go lighter than usual** – reduce intensity and duration
- **Stay hydrated** – drink plenty of fluids
- **Avoid crowded gyms** – be considerate of others and use home workouts
- **Listen to your body** – stop if you feel worse

## Why Rest Matters
Exercise requires immune system energy. When you're fighting an infection, rest helps your body recover faster rather than prolonging illness.

## Bottom Line
There's no one-size-fits-all answer, but most health organizations (including Mayo Clinic and Cleveland Clinic) recommend listening to your body and erring on the side of caution. If you're unsure, it's better to rest an extra day than to extend your illness by pushing too hard.

**When in doubt, consult your doctor.**",
Q028,C,"Generally, whether it is safe to exercise with a cold depends on your specific symptoms. A good rule of thumb recommended by medical experts is the **""neck check.""** 

According to the **Mayo Clinic**, if your symptoms are all ""above the neck,"" it is usually safe to engage in mild-to-moderate exercise. However, if you have symptoms ""below the neck,"" you should rest and skip your workout.

Here is a quick guide to help you decide:

### Safe for Light Exercise (Above the Neck)
If you are experiencing mild symptoms above your neck, light to moderate physical activity (like walking or gentle yoga) is typically fine and might even help clear your nasal passages. 
* Runny nose
* Mild nasal congestion
* Sneezing
* Mild sore throat

**Tip:** Reduce your usual workout intensity and duration. If you normally run, take a brisk walk instead.

---

### Avoid Exercise and Rest (Below the Neck or Fever)
If you have symptoms below the neck, or systemic symptoms, working out can put extra strain on your immune system and prolong your illness. 
* Chest cough or chest tightness
* Shortness of breath
* Body aches or muscle fatigue
* Stomach upset or vomiting

**Crucial Exception — Fever:** Never exercise if you have a **fever**, chills, or widespread body aches. Exercise increases your internal body temperature, and doing so while running a fever can raise your heart rate excessively, increase the risk of severe dehydration, and in rare cases, lead to heart complications such as myocarditis (inflammation of the heart muscle).

---

### Extra Tips for Exercising When Sick
* **Listen to your body:** If you start a light workout and feel worse, dizzy, or unusually exhausted, stop immediately and rest.
* **Stay hydrated:** Drink plenty of water, as mild illness combined with sweat can quickly lead to dehydration.
* **Be mindful of others:** If you are coughing or sneezing, avoid public gyms or group fitness classes to prevent spreading your germs. Opt for a walk outdoors or a workout at home instead.",
Q029,A,"**Yes, in almost all cases, you should finish your entire antibiotic prescription, even if you start feeling completely better.** 

Here is why completing the full course is so important, along with what public health experts recommend:

### 1. Feeling better doesn't mean the infection is gone
When you take antibiotics, they start killing off the weakest bacteria first. This often makes your symptoms disappear after a few days. However, the stronger, more resilient bacteria may still be alive in your body. If you stop taking the medication early, those remaining bacteria can multiply, causing your infection to return (a relapse).

### 2. It helps prevent antibiotic resistance
Stopping your prescription early contributes to **antibiotic resistance**—one of the world's most pressing health threats. According to the **Centers for Disease Control and Prevention (CDC)**, taking antibiotics incorrectly gives surviving bacteria the chance to mutate and build resistance to the drug. If those ""superbugs"" multiply, the same antibiotic may not work for you—or anyone else—in the future.

### What Expert Organizations Recommend
* **The World Health Organization (WHO)** and the **Mayo Clinic** emphasize that patients should always take antibiotics exactly as prescribed by their healthcare provider and complete the full duration of the treatment, unless a medical professional explicitly tells them to stop.
* The **CDC** reminds patients never to save leftover antibiotics for a future illness, skip doses, or share medication with others.

### Are there any exceptions?
The only times you should stop taking your prescription early are:
* **If your doctor tells you to:** Medical guidance is evolving, and doctors sometimes prescribe shorter courses or may tell you to stop if diagnostic tests come back negative for a bacterial infection. 
* **If you experience a bad reaction:** If you develop severe side effects or signs of an allergic reaction (like a rash, swelling, or trouble breathing), contact your doctor or seek emergency medical care immediately. They will advise you on whether to stop the medication or switch to a different one.

**Bottom line:** Always follow the specific instructions provided by your doctor or pharmacist. If you are experiencing side effects or want to stop taking your medication early, call your healthcare provider first before making any changes.",
Q029,B,"# Do You Need to Finish Your Entire Antibiotic Prescription?

**Yes, you should finish your entire antibiotic prescription as prescribed by your doctor**, even if you start feeling better. Here's why:

## Key Reasons

**Prevents antibiotic resistance**: Stopping early can leave behind bacteria that survive the partial treatment. These surviving bacteria can develop resistance to the antibiotic, making future infections harder to treat. This is a major public health concern.

**Ensures complete infection elimination**: Some bacteria may still be present even after symptoms disappear. Finishing the full course ensures the infection is completely cleared.

**Reduces relapse risk**: Stopping too soon increases the chance that your infection will return or worsen.

## Important Exception

The main exception is if you experience a serious allergic reaction or severe side effect. In that case, **contact your doctor immediately** rather than continuing on your own.

## What the Evidence Shows

Major health organizations including the **CDC (Centers for Disease Control and Prevention)** and **WHO (World Health Organization)** strongly recommend completing the full antibiotic course as prescribed.

## Bottom Line

Continue taking your antibiotics for the full duration your doctor specified, even if you feel better after a few days. If you have concerns about side effects or other issues, talk to your healthcare provider rather than stopping on your own.",
Q029,C,"**Usually, yes—take the antibiotic for the full duration and exactly as prescribed, even if you feel better.** Feeling better doesn’t always mean the infection is fully treated, and stopping on your own can lead to treatment failure.

However, don’t continue or restart antibiotics based on old advice. **If your clinician tells you to stop, changes the course, or you develop significant side effects, follow up with them rather than deciding yourself.** Don’t save leftover antibiotics or share them.

Contact a healthcare professional promptly for trouble breathing, facial swelling, a severe rash, or severe/persistent diarrhea. For specific instructions, see the **CDC’s “Antibiotic Use and You”** guidance or ask your prescriber/pharmacist.",
Q030,A,"Yes. **Acetaminophen (paracetamol) is generally considered the preferred over-the-counter pain and fever medicine during pregnancy** when used as directed. Organizations such as the **American College of Obstetricians and Gynecologists (ACOG)** recommend using the **lowest effective dose for the shortest necessary time**.

Important precautions:

- Follow the package directions or your clinician’s advice; don’t exceed the daily maximum.
- Check combination cold/flu or prescription products so you don’t accidentally take acetaminophen twice.
- Ask a healthcare professional first if you have liver disease, regularly drink alcohol, or need it for more than a few days.
- Contact your prenatal clinician if pain or fever is severe, persistent, recurrent, or unexplained.

Some studies have reported possible associations between prolonged acetaminophen use in pregnancy and certain childhood outcomes, but these studies do not prove that acetaminophen causes them. Discuss frequent or long-term use with your obstetric clinician.",
Q030,B,"# Acetaminophen Use During Pregnancy

**Yes, acetaminophen is generally considered safe during pregnancy** and is often recommended as a first-line pain reliever for pregnant women.

## Key Points

**Why it's preferred:**
- Acetaminophen (Tylenol) has been used for decades during pregnancy with a long safety record
- Most major health organizations, including the FDA and American College of Obstetricians and Gynecologists (ACOG), consider it safe across all three trimesters
- It's preferred over NSAIDs like ibuprofen, which carry more risks during pregnancy

**Important considerations:**
- Use the lowest effective dose for the shortest duration needed
- Follow dosage instructions (typically no more than 3,000-4,000 mg per day)
- Always consult with your doctor or midwife before taking any medication during pregnancy

**Alternatives to discuss with your healthcare provider:**
- Non-medication approaches like rest, heat therapy, or prenatal massage
- Other medications if acetaminophen isn't sufficient

## Important Note

While acetaminophen has a good safety profile, **every pregnancy is unique**. It's always best to check with your obstetrician, midwife, or pharmacist before taking any medication during pregnancy, as they can provide personalized guidance based on your specific situation.",
Q030,C,"**Yes, pregnant women can take acetaminophen (commonly known as Tylenol)** for pain and fever, but it should be used at the lowest effective dose for the shortest time possible. 

Acetaminophen is widely considered by medical experts to be the safest over-the-counter pain reliever and fever reducer available during all trimesters of pregnancy.

Here is what major health organizations say about using acetaminophen during pregnancy:

### What the Experts Say
* **American College of Obstetricians and Gynecologists (ACOG):** ACOG reinforces that acetaminophen is the safest option for pain relief during pregnancy. They note that untreated conditions—like a high fever or severe pain—can pose serious health risks to both the pregnant person and the developing fetus.
* **U.S. Food and Drug Administration (FDA):** The FDA considers acetaminophen safe for use during pregnancy when taken according to the package directions, but advises pregnant women to always consult their healthcare provider before taking any medication. 

### Addressing Recent Concerns
You may have seen news stories regarding studies that suggest a possible link between taking acetaminophen during pregnancy and neurodevelopmental issues (such as ADHD or autism) in children. 

In response to these studies, **ACOG** and the **Society for Maternal-Fetal Medicine (SMFM)** reviewed the available data and reaffirmed that the evidence is inconclusive and does not prove a direct cause-and-effect relationship. They continue to recommend acetaminophen as the first-line medication for pain and fever during pregnancy when medically necessary.

### Best Practices for Taking Acetaminophen
If you are pregnant and need pain relief, keep these tips in mind:
1. **Use as directed:** Stick to the recommended dosage on the package and do not exceed the maximum daily limit.
2. **Use for a short duration:** Only take it for as long as you need to manage your pain or fever.
3. **Check cold and flu remedies:** Many multi-symptom cold medications contain acetaminophen. Be careful not to ""double up"" on doses by taking acetaminophen alongside another medication that also contains it.

### Pain Relievers to Avoid
Unlike acetaminophen, **Nonsteroidal Anti-inflammatory Drugs (NSAIDs)** should generally be avoided during pregnancy unless specifically prescribed by your doctor. The **FDA** warns against using NSAIDs—such as ibuprofen (Advil, Motrin), naproxen (Aleve), and aspirin—around 20 weeks of pregnancy or later, as they can cause serious heart and kidney complications for the baby.

---

*Disclaimer: This information is for educational purposes and should not replace professional medical advice. Always consult your doctor, midwife, or healthcare provider before taking any new medication during pregnancy.*",
Q031,A,"**The short answer:** Taking melatonin short-term (for a few days to a few weeks) is widely considered safe for most adults. However, **the safety of using melatonin every night over months or years is still uncertain** because there is a lack of long-term clinical studies.

While long-term use does not appear to cause severe harm or chemical addiction for most adults, health organizations advise caution. 

Here is what the research and major medical organizations say about long-term melatonin use:

---

### What Expert Sources Say

* **National Center for Complementary and Integrative Health (NCCIH):** The NCCIH (a branch of the U.S. National Institutes of Health) states that while short-term use of melatonin supplements appears to be safe for most people, there is not enough strong scientific evidence to determine its safety for long-term use.
* **Mayo Clinic:** According to the Mayo Clinic, melatonin is generally safe for short-term use, but taking it long-term could lead to mild side effects, interact with other medications, or conceal an underlying medical issue that is causing your sleep problems.
* **American Academy of Sleep Medicine (AASM):** The AASM generally recommends using melatonin as a short-term tool (for example, to adjust to jet lag or shift work) rather than a primary, permanent treatment for chronic insomnia.

---

### Potential Concerns with Long-Term Use

If you are considering taking melatonin every night, doctors highlight a few key risks:

1. **Inconsistent Dosage and Purity**
   In the United States, melatonin is sold as a dietary supplement rather than a regulated drug. A well-known study published in the ***Journal of Clinical Sleep Medicine*** tested 31 different melatonin supplements and found that the actual amount of melatonin in the pills ranged from **83% less to 478% more** than what was listed on the label. 

2. **Hormonal Considerations**
   Because melatonin is a hormone, taking high doses long-term might affect your body's natural hormone balance. This is a particular concern for **children and teenagers**, as long-term use could theoretically interfere with natural hormone production during puberty (though more research is needed).

3. **Masking Underlying Issues**
   Using melatonin continuously may temporarily cover up a more complex condition—such as sleep apnea, restless legs syndrome, anxiety, or chronic insomnia—that requires a different medical evaluation and treatment approach.

4. **Medication Interactions**
   Taking melatonin over long periods can interfere with other prescriptions. It can interact with:
   * Blood thinners (anticoagulants)
   * Blood pressure medications
   * Immunosuppressants
   * Diabetes medications
   * Birth control pills

5. **Common Side Effects**
   Even with long-term use, side effects tend to remain mild, but they can persist. They include morning grogginess, vivid dreams or nightmares, headaches, dizziness, and mild stomach cramps.

---

### Best Practices if You Take Melatonin

* **Start with a low dose:** Most experts recommend starting with the lowest possible dose—around **0.5 mg to 3 mg**—taken 1 to 2 hours before bed. High doses (5 mg to 10 mg) are often unnecessary and increase the risk of side effects.
* **Look for third-party testing:** Choose brands that have been verified by independent testing organizations like **USP (United States Pharmacopeia)** or **NSF International** to ensure the dose on the label is accurate.
* **Use it as a reset, not a permanent fix:** Use melatonin to help reset your circadian rhythm (after travel or a schedule disruption) while focusing on good sleep hygiene (a",
Q031,B,"**Melatonin appears reasonably safe for many adults when used short-term, but its long-term safety is not well established.** Most studies have lasted weeks to a few months; evidence on daily use for years is limited. It generally does not cause dependence or the same withdrawal problems as prescription sleeping pills, but “natural” does not automatically mean risk-free.

Possible effects include:

- Daytime sleepiness or dizziness  
- Headache, nausea, or vivid dreams  
- Changes in blood pressure or blood sugar  
- Interactions with medicines, including blood thinners, sedatives, some antidepressants, seizure medicines, and drugs that affect blood pressure or diabetes  

Talk with a healthcare professional before using it regularly—especially if you are pregnant or breastfeeding, have an autoimmune disorder, epilepsy, liver or kidney disease, depression, or take other medicines. **Children and teenagers should use melatonin only with medical guidance**; long-term effects on puberty and development remain uncertain.

If you use it:

- Use the lowest effective dose; many people need only **0.5–3 mg**, rather than high-dose products.  
- Take it at an appropriate time—often 1–2 hours before bed, depending on the purpose.  
- Avoid combining it with alcohol or other sedatives, and don’t drive if drowsy.  
- Choose a product tested by an independent organization such as **USP, NSF, or ConsumerLab**, since supplement contents can vary.  
- Seek medical advice if insomnia lasts more than a few weeks. **Cognitive behavioral therapy for insomnia (CBT-I)** is generally preferred for chronic insomnia.

The **U.S. National Center for Complementary and Integrative Health (NCCIH)** states that melatonin appears safe for short-term use but that long-term safety has not been established.",
Q031,C,"# Is Melatonin Safe Long-Term?

The short answer is: **it's generally considered safe for short-term use, but long-term safety isn't fully established.**

## What research shows:

**Short-term use (a few weeks):**
- Generally well-tolerated with minimal side effects
- Most common side effects are mild: drowsiness, headaches, dizziness

**Long-term use (months to years):**
- Limited rigorous research exists
- No major serious side effects have been documented in available studies
- The FDA doesn't regulate melatonin as strictly as prescription drugs, so long-term safety data is less comprehensive than for other medications

## Important considerations:

- **Individual variation**: Effects can differ significantly between people
- **Dosage matters**: Most effective doses are lower than many supplements contain (0.5-3 mg rather than the 5-10 mg commonly sold)
- **Tolerance**: Some people report it becomes less effective over time
- **Underlying conditions**: May interact with medications or affect certain health conditions
- **Age factors**: Safety profile may differ for children vs. adults

## Bottom line:

If you're considering long-term melatonin use, it's worth discussing with your doctor, especially if you take other medications or have existing health conditions. They can help determine if it's appropriate for your specific situation and monitor any effects.",
Q032,A,"**Yes, in most cases, taking probiotics while on antibiotics is recommended.** 

Antibiotics are designed to kill harmful bacteria, but they also destroy the ""good"" bacteria living in your gut. This imbalance often leads to side effects like bloating, gas, yeast infections, and—most commonly—antibiotic-associated diarrhea. Taking probiotics can help replenish these beneficial microbes and protect your digestive health.

However, **how and when** you take them matters significantly.

---

### The #1 Rule: Space Them Out
Do not swallow your probiotic and antibiotic at the same time. Because antibiotics kill bacteria, they will kill the live bacteria in your probiotic supplement before they can do any good. 

* **The Timing:** Take your probiotic **at least 2 hours before or 2 hours after** your antibiotic dose. 
* **Duration:** Continue taking the probiotic during your full antibiotic course, and keep taking it for **1 to 2 weeks after** you finish your antibiotics to help your gut fully recover.

---

### What the Research Says (Named Sources)

* **Cochrane Review:** A comprehensive review published in the *Cochrane Database of Systematic Reviews* analyzed multiple studies and found strong evidence that probiotics significantly reduce the risk of antibiotic-associated diarrhea in both children and adults.
* **Mayo Clinic:** Experts at the **Mayo Clinic** confirm that taking probiotics can help restore the natural balance of gut flora disrupted by antibiotics, advising patients to space the doses a few hours apart.
* **American Gastroenterological Association (AGA):** The **AGA** clinical guidelines suggest using specific probiotic strains—particularly *Saccharomyces boulardii*—to help prevent *Clostridioides difficile* (*C. diff*) infection, a severe and dangerous form of diarrhea that can occur after taking antibiotics.

---

### Which Probiotics Work Best?
Look for supplements containing these well-studied strains:
1. ***Saccharomyces boulardii*:** This is actually a beneficial yeast, not a bacterium. Because antibiotics only kill bacteria, antibiotics cannot destroy *S. boulardii*, making it especially effective while actively on an antibiotic regimen.
2. ***Lactobacillus rhamnosus GG (LGG)* or *Lactobacillus acidophilus*:** Highly researched bacterial strains shown to reduce gut distress during antibiotic treatment.

---

### When to Be Cautious
While probiotics are safe for most healthy people, you should **consult your doctor before taking them** if you:
* Are severely immunocompromised (e.g., undergoing chemotherapy or living with advanced HIV).
* Are critically ill or in an intensive care unit.
* Have a central venous catheter (IV line). 

In rare cases, live microbes from probiotics can enter the bloodstream of vulnerable individuals and cause serious infections.

### Summary
If you are taking antibiotics, adding a probiotic can significantly reduce stomach upset and diarrhea. Just remember to **space them at least 2 hours apart** and continue the probiotics for a week or two after your antibiotic prescription ends. Always consult your pharmacist or physician if you are unsure which supplement is right for your specific condition.",
Q032,B,"**Sometimes—but probiotics aren’t necessary for everyone taking antibiotics.**

### What the evidence shows
Probiotics may **modestly reduce antibiotic-associated diarrhea** in some people, but results vary by the **specific strain, dose, and product**. They do not reliably prevent every type of diarrhea or *C. difficile* infection. Major guidelines differ: the **American Gastroenterological Association** supports certain specific probiotic strains in selected people taking antibiotics, while the **American College of Gastroenterology** does not recommend routine use for everyone.

Strains with some supporting evidence include:

- **Lactobacillus rhamnosus GG**
- **Saccharomyces boulardii** (a beneficial yeast)

A generic “probiotic” may not contain a strain or dose that has been studied.

### If you choose to take one
- Take a bacterial probiotic **about 2 hours before or after** the antibiotic.
- Continue it for several days to about **1–2 weeks after** finishing the antibiotic, if tolerated.
- Follow the product’s directions; higher doses are not necessarily better.
- Yogurt or kefir with live cultures may be a food-based option, provided you tolerate dairy.

Do **not** stop or shorten the antibiotic course without speaking with your clinician.

### Ask a clinician first if you:
- Are immunocompromised or seriously ill
- Have a central venous catheter
- Are hospitalized or have major underlying medical conditions
- Are giving probiotics to a premature infant or medically fragile child

Rare bloodstream infections have been reported in high-risk people. Probiotics can also cause gas or bloating.

**Bottom line:** For a healthy adult, a well-studied probiotic is generally reasonable if you’re concerned about antibiotic-associated diarrhea, but it is optional—not a requirement—and benefits are modest. If you develop severe or persistent diarrhea, fever, abdominal pain, or blood in the stool during or after antibiotics, contact a healthcare professional.",
Q032,C,"# Probiotics and Antibiotics: What You Should Know

**The short answer:** It's complicated, and the evidence is mixed.

## The Theory
The idea makes intuitive sense: antibiotics kill bacteria indiscriminately, including beneficial gut bacteria. Probiotics could theoretically replenish these good bacteria and reduce side effects like diarrhea.

## What Research Shows
- **Some studies** suggest probiotics may reduce antibiotic-associated diarrhea, particularly *Saccharomyces boulardii* and certain *Lactobacillus* strains
- **However**, the overall scientific evidence isn't conclusive. Major health organizations like the **Mayo Clinic** and **CDC** note that evidence remains limited and inconsistent
- Taking probiotics *during* antibiotics might reduce their effectiveness, since the antibiotic could kill the probiotic bacteria you're ingesting

## Current Medical Guidance
- Most doctors don't routinely recommend probiotics during antibiotics
- If you want to try them, consider taking them **2-3 hours apart** from your antibiotic dose
- **Talk to your doctor or pharmacist** before starting probiotics, especially if you're immunocompromised
- Waiting until *after* you finish antibiotics to restore gut bacteria is another approach

## Bottom Line
While probiotics aren't harmful for most people, the evidence doesn't strongly support their routine use during antibiotics. Individual factors matter, so a conversation with your healthcare provider is the best approach.",
Q033,A,"For most people, **no**. Taking vitamin C supplements regularly does **not appear to prevent you from catching a common cold**. Large reviews, including a **Cochrane Review**, found little or no reduction in the number of colds in the general population.

However, regular vitamin C may have a **small benefit**:

- It may shorten a cold by roughly **8% in adults and 14% in children**—about half a day to one day.
- It may slightly reduce symptom severity.
- Benefits may be greater in people exposed to **extreme physical stress or cold environments**, such as endurance athletes or military personnel.

Starting vitamin C **after cold symptoms begin** does not consistently help. High doses can cause stomach upset or diarrhea and may increase kidney-stone risk in some people. The adult upper limit is generally **2,000 mg per day** from supplements and food combined.

Adequate vitamin C from foods such as citrus fruits, berries, peppers, broccoli, and tomatoes is usually sufficient. Handwashing, avoiding close contact with sick people, and good ventilation are more reliable ways to reduce the risk of infection.",
Q033,B,"# Vitamin C and Cold Prevention

**The short answer: Not really, for most people.**

Here's what the research shows:

## What the evidence says

According to **meta-analyses from the Cochrane Library** (a highly respected source for systematic reviews), vitamin C supplements:

- **Don't prevent colds** in the general population when taken regularly
- **May slightly reduce cold duration** (by about half a day) if you take it *after* symptoms start, though the benefit is modest
- **Might help athletes** in extreme conditions (like marathon runners or people in very cold environments), but this is a narrow group

## The exceptions

Vitamin C *may* be more helpful if:
- You're under extreme physical stress
- You have a severe deficiency (rare in developed countries with normal diets)
- You take it *during* a cold rather than before

## Bottom line

Regular vitamin C supplements aren't an effective cold prevention strategy for most people. You're better off focusing on evidence-backed approaches like:
- Frequent handwashing
- Staying vaccinated
- Getting adequate sleep
- Managing stress

If you eat a reasonably balanced diet with fruits and vegetables, you're likely getting enough vitamin C already.",
Q033,C,"The short answer is **no, for most people, taking daily vitamin C supplements will not prevent you from catching a cold.** 

However, taking it regularly might slightly reduce how long your cold lasts and how severe the symptoms are.

Here is a breakdown of what the scientific evidence says, based on major research:

### What the Research Says
The most comprehensive research on this topic comes from the **Cochrane Collaboration**, a globally respected organization that reviews medical evidence. According to a major **Cochrane Review** analyzing dozens of studies involving over 11,000 participants:

* **It does not prevent colds in the general public:** Taking daily vitamin C supplements does not lower the average person's chances of catching a cold. 
* **It may shorten a cold slightly:** People who take a daily vitamin C supplement *before* getting sick tend to have slightly shorter colds. For adults, cold duration was reduced by about 8%, and for children, it was reduced by about 14% (roughly one less day of illness).
* **It does not help if started *after* you get sick:** If you only start taking high doses of vitamin C *after* you feel a cold coming on, studies show it has no consistent effect on shortening the cold or reducing symptoms.

### The One Exception: People Under Extreme Physical Stress
The **Cochrane Review** did find one specific group where vitamin C *does* help prevent colds: people engaging in brief periods of extreme physical exercise or cold environments. 

For **marathon runners, skiers, and soldiers training in sub-zero temperatures**, taking daily vitamin C supplements cut their risk of catching a cold in half (a 50% reduction).

### The Bottom Line
* **Best approach:** You are better off getting vitamin C from a healthy diet rich in fruits and vegetables (such as oranges, bell peppers, strawberries, and broccoli) rather than relying on high-dose supplements to avoid getting sick.
* **To actually prevent colds:** Handwashing, avoiding touching your face, staying clear of sick individuals, and getting enough sleep are far more effective than vitamin C supplements.
* **Safety note:** If you choose to take a supplement, the **National Institutes of Health (NIH)** recommends that adults do not exceed **2,000 mg per day**. Taking more than this can cause stomach cramps, diarrhea, and nausea.",
Q034,A,"The short answer is **maybe, but the scientific evidence is limited and mixed.** 

While herbal remedies like valerian, chamomile, and kava are popular for relaxation, research shows they are generally not powerful enough to reliably treat chronic insomnia. Furthermore, ""natural"" does not always mean completely safe.

Here is a breakdown of what the research says about each herb:

---

### 1. Valerian Root
* **Does it work?** Results are mixed. Some small studies suggest valerian root can help you fall asleep slightly faster and improve sleep quality, but many higher-quality clinical trials show it works no better than a placebo. 
* **What the experts say:** The **American Academy of Sleep Medicine (AASM)** clinical practice guidelines explicitly advise doctors *against* using valerian to treat insomnia, citing a lack of consistent evidence showing it provides meaningful benefits.
* **Keep in mind:** Valerian does not act immediately like a sleeping pill; it usually takes several days to weeks of continuous use to notice any effect.

### 2. Chamomile
* **Does it work?** Chamomile contains an antioxidant called *apigenin*, which binds to specific receptors in the brain that may decrease anxiety and initiate sleep. However, scientific evidence specifically proving it cures insomnia is very weak. 
* **What the experts say:** According to the **National Center for Complementary and Integrative Health (NCCIH)**, while chamomile is widely considered safe as a tea and can be a helpful, soothing part of a bedtime routine, there is insufficient evidence to recommend it as a medical treatment for sleep disorders.

### 3. Kava
* **Does it work?** Kava has proven anti-anxiety properties, which can indirectly help people sleep if anxiety is the root cause of their sleep issues.
* **SAFETY WARNING:** Kava carries a serious health risk. The **U.S. Food and Drug Administration (FDA)** issued a public advisory warning that kava supplements have been linked to severe liver damage (hepatotoxicity), liver failure, and even death. Because of this, medical experts generally advise against taking kava for sleep.

---

### Key Things to Consider Before Trying Herbal Remedies

* **Interactions with medications:** Herbal supplements can interact dangerously with prescription drugs, particularly sedatives, anti-anxiety medications, blood thinners, and alcohol.
* **Lack of regulation:** In the United States, herbal supplements are not strictly regulated by the FDA in the same way prescription medications are. The purity, dosage, and ingredients can vary widely between brands.

---

### What Actually Works for Insomnia?

If you are struggling with persistent insomnia, medical organizations like the **American College of Physicians** recommend **Cognitive Behavioral Therapy for Insomnia (CBT-I)** as the first-line treatment. CBT-I is a structured program that helps you identify and replace thoughts and behaviors that cause or worsen sleep problems with habits that promote sound sleep.

*Disclaimer: Always consult with a healthcare professional before starting any new herbal supplement, especially if you take other medications or have underlying health conditions.*",
Q034,B,"Herbal remedies may help some people relax, but evidence that they reliably treat insomnia is limited—especially **chronic insomnia**.

- **Valerian:** Studies have produced mixed results. Some people report better sleep, but improvements are generally small and inconsistent. It can cause headache, dizziness, stomach upset, or next-day drowsiness, and may interact with alcohol or sedatives. The **American Academy of Sleep Medicine (AASM)** recommends against valerian for chronic insomnia because evidence of benefit is insufficient.
- **Chamomile:** Chamomile tea is generally mild and may be soothing as part of a bedtime routine, but there is not strong evidence that chamomile supplements treat insomnia. Avoid it if you’re allergic to ragweed-family plants, and be cautious with blood thinners or sedatives.
- **Kava:** Kava has not been shown convincingly to improve insomnia and has been linked to rare but serious **liver injury**. It should generally be avoided, particularly with alcohol, liver disease, or medications that affect the liver.

For persistent insomnia, the best-supported treatment is **cognitive behavioral therapy for insomnia (CBT-I)**, which is recommended as first-line treatment by the **American College of Physicians** and other sleep organizations. Improving sleep timing, limiting caffeine and alcohol, and keeping a consistent schedule can also help.

Supplements are not regulated as strictly as prescription medicines, so product quality can vary. Talk with a clinician or pharmacist before using them—especially if you are pregnant, have liver disease, or take sleep medicines, opioids, antidepressants, blood thinners, or other sedatives.

**Sources:** National Center for Complementary and Integrative Health (NCCIH), “Sleep Disorders and Complementary Health Approaches”; American Academy of Sleep Medicine, clinical practice guideline for pharmacologic treatment of chronic insomnia; American College of Physicians, guideline on chronic insomnia disorder.",
Q034,C,"# Do Herbal Remedies Work for Insomnia?

The evidence is mixed, and these herbs show some promise but aren't a guaranteed solution:

## Valerian
- **Mixed evidence**: Studies show inconsistent results. Some people report improvement in sleep quality and time to fall asleep, but effects are often modest
- The National Institutes of Health notes it may help slightly, though more research is needed
- Takes time: may require weeks of use before noticing effects

## Chamomile
- **Limited evidence**: Few rigorous studies support its effectiveness specifically for insomnia
- Generally considered safe and many people find it soothing, though this might be partly placebo
- Often used as a calming tea rather than a primary sleep treatment

## Kava
- **Some evidence** for anxiety reduction, which *might* indirectly help sleep
- **Important caveat**: There are serious safety concerns—kava has been linked to liver damage, and some countries have restricted or banned it
- Less commonly recommended due to these risks

## Key Points
- Individual responses vary significantly
- ""Natural"" doesn't automatically mean safe or effective
- These work best as part of broader sleep hygiene (regular schedule, dark room, limiting screens)
- If insomnia persists, consulting a doctor is important—it may indicate an underlying condition

For serious or chronic sleep problems, evidence-based approaches like cognitive behavioral therapy for insomnia (CBT-I) have stronger scientific support.",
Q035,A,"**Short answer:** No. There is no strong scientific evidence that commercial detox diets, cleanses, juices, or teas actually remove toxins from your body. 

Your body is already equipped with a highly sophisticated, highly effective detox system that works 24 hours a day—primarily driven by your **liver and kidneys**.

Here is a breakdown of how your body actually handles toxins, what the science says about cleanses, and why these products are generally unnecessary.

---

### How Your Body Naturally ""Detoxes""

You do not need special juices or supplements to flush out waste. Your body relies on several organs to process and eliminate unwanted substances:

*   **The Liver:** The primary filter. It converts harmful substances (like alcohol, medication byproducts, and metabolic waste) into harmless compounds or prepares them to be excreted.
*   **The Kidneys:** Constantly filter your blood to remove waste products and excess fluid, which leave your body through urine.
*   **The Digestive Tract:** Moves solid waste out of the body through bowel movements and prevents harmful bacteria from entering the bloodstream.
*   **The Lungs and Skin:** Exhale carbon dioxide and eliminate small amounts of waste through sweat.

---

### What the Science Says About Detox Diets

Major health organizations and scientific reviews consistently find that commercial detox cleanses do not deliver on their promises:

*   **The National Center for Complementary and Integrative Health (NCCIH)**, a division of the U.S. National Institutes of Health (NIH), explicitly states that there is no convincing evidence that detox or cleansing programs remove toxins from the body or provide long-term health benefits. 
*   **Harvard Health Publishing** points out that most detox products fail to name the specific ""toxins"" they claim to remove, making their claims scientifically unverifiable.
*   A comprehensive review published in the *Journal of Human Nutrition and Dietetics* evaluated commercial detox diets and concluded that there is very little compelling research to support their use for weight management or toxin elimination.

---

### Why People *Think* Cleanses Work

Many people report feeling better or losing weight while on a cleanse. This usually happens for two reasons:

1.  **Immediate Weight Loss is Water Weight:** Fasting or drinking only liquids reduces glycogen (stored carbohydrates) in your muscles and liver. As glycogen depletes, your body sheds the water bound to it. Once you return to solid food, the weight typically returns.
2.  **Removal of Unhealthy Foods:** When people start a cleanse, they usually stop drinking alcohol and eating processed foods, refined sugars, and high-sodium meals. Cutting these out naturally reduces bloating and improves energy levels—the cleanse itself isn't doing the work; removing the bad food is.

---

### Potential Risks of Detox Cleanses

For most healthy adults, a short juice fast is harmless, but intensive or prolonged cleanses can pose real health risks:

*   **Electrolyte Imbalances:** Many cleanses include herbal teas with laxative properties (like senna) or advise drinking extreme amounts of water, which can dangerously alter your sodium and potassium levels.
*   **Nutrient Deficiencies:** Juice cleanses lack essential protein, healthy fats, and fiber.
*   **Gastrointestinal Issues:** Extreme calorie restriction and laxatives can disrupt your gut microbiome and cause diarrhea, nausea, or cramps.
*   **Kidney Risks:** Certain cleanses made from ingredients high in oxalates (like spinach or beet juices) have been linked to severe kidney damage in rare cases.

---

### Better Ways to Support Your Body's Natural Systems

Instead of spending money on expensive cleanses, you can support your liver and kidneys by adopting healthy, sustainable habits:

1.  **Drink plenty of water:** Hydration is essential for your kidneys to filter waste out of your blood.
2.  **Eat a high-fiber diet:** Fiber from vegetables, fruits, legumes, and whole grains keeps your digestive system moving and helps excrete waste.
3.  **Limit alcohol:** Excess alcohol damages liver cells and impairs the liver's ability to function.
4.  **Get enough sleep:** Sleep allows your brain to clear out metabolic waste built up throughout the day.
5.  **Minimize ultra-processed foods:** Reducing your intake of excess sodium, added sugars, and synthetic additives reduces the workload on your metabolic organs.",
Q035,B,"Usually, no. **Commercial “detox” diets, juice cleanses, teas, supplements, and colon cleanses have not been shown to remove unspecified “toxins” from a healthy body or produce lasting health benefits.** The body already processes and eliminates many waste products through the **liver, kidneys, lungs, intestines, and skin**.

Evidence reviews, including information from the **U.S. National Center for Complementary and Integrative Health (NCCIH)**, find limited and low-quality evidence for detox programs. Any short-term weight loss is generally from consuming fewer calories and losing water—not from eliminating toxins—and weight commonly returns afterward.

Some cleanses can be harmful, causing:

- Dehydration or electrolyte imbalances  
- Diarrhea, nutritional deficiencies, or low blood sugar  
- Medication interactions or liver injury from supplements  
- Infection or bowel damage from colon cleansing  
- Delayed treatment for a real medical problem  

A balanced diet, adequate water, sleep, physical activity, and avoiding excess alcohol and tobacco support the body’s normal detoxification systems. If you suspect poisoning or dangerous exposure, don’t use a cleanse—contact emergency services or a poison-control center. Certain medically supervised diets may be appropriate for specific conditions, but they are not the same as commercial detox programs.",
Q035,C,"# Do Detox Diets Actually Work?

**Short answer: No, there's no scientific evidence that commercial detox diets or cleanses remove toxins from your body.**

## Why They Don't Work

Your body already has built-in detoxification systems:
- **Liver** - filters your blood and processes waste
- **Kidneys** - filter waste into urine
- **Digestive system** - eliminates waste

These organs work continuously and don't need special diets or products to function better.

## What the Evidence Shows

The Mayo Clinic and Cleveland Clinic both note that detox products lack scientific support. Most detox claims are based on marketing rather than clinical studies. When researchers have tested specific detox products, they haven't found evidence they remove toxins or improve health.

## The Risks

Some detox regimens can actually be harmful:
- Juice cleanses may lack essential nutrients
- Certain supplements can stress your liver or kidneys
- Restrictive diets can cause electrolyte imbalances

## What Actually Helps

If you want to support your body's natural detoxification:
- Drink adequate water
- Eat a balanced diet with fiber
- Limit alcohol
- Get regular exercise and sleep
- Avoid unnecessary toxins (like smoking)

**Bottom line:** Save your money. Your body is already designed to eliminate toxins on its own.",
Q036,A,"Older adults generally **do not need dramatically less sleep** than younger adults.

- **Adults ages 18–64:** generally need **7–9 hours** per night.
- **Adults 65 and older:** generally need **7–8 hours** per night.

According to the **National Sleep Foundation**, older adults may sleep slightly less because sleep becomes lighter and more fragmented—they may wake more often, go to bed and wake earlier, and nap during the day. However, these changes don’t mean they require very little sleep.

Sleep needs vary by person. Regularly sleeping fewer than about 7 hours, feeling excessively sleepy, or having persistent trouble sleeping may indicate a problem such as sleep apnea, insomnia, medication effects, depression, or another medical condition. In those cases, it’s worth discussing with a healthcare professional.

**Sources:** Centers for Disease Control and Prevention (CDC), *How Much Sleep Do I Need?*; National Institute on Aging, *Sleep and Older Adults*.",
Q036,B,"**No, older adults do not need significantly less sleep than younger adults.** 

It is a common myth that as people age, their bodies naturally require much less sleep. In reality, the actual *need* for sleep remains relatively constant throughout adulthood, though the *ability* to get long, uninterrupted sleep often changes.

### What the Guidelines Say
According to sleep recommendations from the **Centers for Disease Control and Prevention (CDC)** and the **National Sleep Foundation**:

*   **Adults (ages 18–64):** 7 to 9 hours per night
*   **Older adults (ages 65 and older):** 7 to 8 hours per night

As you can see, the recommended amount drops by only about an hour at most. 

### Why People Think Older Adults Need Less Sleep
While the amount of sleep needed stays roughly the same, the **National Institute on Aging (NIA)** notes that aging causes natural changes in sleep patterns, which leads to the misconception that older adults need less rest:

1. **Shifts in Circadian Rhythms:** As people age, their internal biological clock shifts earlier. Older adults tend to get sleepy earlier in the evening and wake up earlier in the morning.
2. **Lighter Sleep:** Older adults spend less time in deep, slow-wave sleep and REM sleep. Because their sleep is lighter, they are easily awakened by noise, light, or discomfort.
3. **Frequent Awakenings:** Nighttime trips to the bathroom (nocturia), joint pain, arthritis, or other health conditions cause older adults to wake up multiple times throughout the night.
4. **Medications:** Many health conditions common in older age require medications that can interfere with sleep quality.

Because older adults may spend 8 hours in bed but only get 5 or 6 hours of actual sleep, they may mistakenly believe they simply ""don't need as much sleep anymore.""

### Why Adequate Sleep Still Matters
Not getting enough sleep can negatively affect older adults just as much as younger adults. Chronic sleep loss in older age is linked to:
* Increased risk of falls and accidents
* Memory problems and cognitive decline
* Mood changes, such as irritability or depression
* A weakened immune system

### The Bottom Line
If an older adult feels rested and alert during the day after 7 hours of sleep, that is completely healthy. However, if an older adult is frequently tired, waking up repeatedly, or struggling to stay awake during the day, it is not simply a normal part of aging. The **National Institute on Aging** recommends speaking with a healthcare provider to check for underlying sleep disorders (like sleep apnea or restless legs syndrome) or side effects from medications.",
Q036,C,"# Sleep Needs Across Age Groups

No, this is a common misconception. **Older adults need about the same amount of sleep as younger adults** — typically 7-9 hours per night for most adults, according to the National Sleep Foundation and CDC guidelines.

## What Actually Changes with Age

While the *need* for sleep stays consistent, several sleep-related changes do occur in older adults:

- **Sleep quality declines**: Older adults often experience lighter, more fragmented sleep with more nighttime awakenings
- **Sleep architecture shifts**: They spend less time in deep sleep and REM sleep
- **Sleep timing changes**: Many experience earlier bedtimes and wake times (advanced sleep phase)
- **Sleep disorders increase**: Conditions like sleep apnea and insomnia become more common

## Why the Misconception?

Because older adults often *get* less sleep due to these challenges, people sometimes assume they *need* less. In reality, older adults who report being well-rested typically confirm they're getting a full night's sleep.

If an older adult is getting significantly less sleep than needed, it's usually due to underlying health conditions, medications, or sleep disorders — not because their bodies require less rest.

If you're concerned about sleep quality at any age, it's worth discussing with a healthcare provider.",
Q037,A,"# Is Dementia an Inevitable Part of Aging?

**No, developing dementia is not an inevitable part of getting old.** While dementia risk increases with age, many people live into their 80s, 90s, and beyond without developing it.

## Key Points:

**Age is a risk factor, not a guarantee**
- Dementia is more common in older adults, but this doesn't mean it will happen to everyone
- Plenty of people remain cognitively sharp throughout their lives

**What the research shows**
- According to the Alzheimer's Association, about 1 in 9 people age 65 and older have dementia—meaning 8 out of 9 do not
- Even among the oldest adults (85+), dementia is not universal

**Important distinctions**
- Some normal cognitive changes occur with aging (like slower processing), but this isn't dementia
- Dementia involves significant memory loss and decline in daily functioning—a disease, not normal aging

## What you can do

Research suggests several factors may help reduce dementia risk:
- Regular physical exercise
- Cognitive engagement
- Social connection
- Heart-healthy diet
- Quality sleep
- Managing blood pressure and diabetes

## Bottom line

Dementia is a serious health condition that becomes more likely with age, but it's neither inevitable nor a normal part of aging. Many people age successfully without experiencing it.",
Q037,B,"No. **Dementia is not an inevitable part of getting older.** The risk increases substantially with age, but many older adults never develop dementia. Normal aging may involve occasionally taking longer to recall a name or learning something new more slowly; dementia involves persistent decline in memory or thinking that interferes with everyday activities.

Risk is influenced by age, genetics, and health conditions, but several factors can be improved. These include:

- High blood pressure, diabetes, and high cholesterol  
- Smoking and excessive alcohol use  
- Physical inactivity and obesity  
- Hearing or vision loss  
- Depression, social isolation, and poor sleep  

Regular exercise, managing medical conditions, not smoking, limiting alcohol, staying socially and mentally active, and treating hearing or vision problems may reduce risk—though they cannot prevent every case.

If memory or thinking problems are worsening or affecting finances, medication use, driving, work, or daily life, it is worth speaking with a healthcare professional. Some causes of cognitive problems are treatable and are not dementia.

Sources: **National Institute on Aging (NIA), “What Is Dementia?”** and the **World Health Organization, “Dementia”**.",
Q037,C,"**No, developing dementia is not an inevitable part of getting old.** 

While advancing age is the single greatest risk factor for dementia, the condition is a result of specific diseases that damage brain cells, not a natural outcome of the aging process. Many people live into their 80s, 90s, and beyond without ever developing dementia.

Here is a closer look at why dementia is not an unavoidable part of aging, along with what current research says:

### Normal Aging vs. Dementia
It is normal for the brain to change as you age. Normal, age-related changes might include occasionally misplacing your glasses, taking longer to recall a specific word, or forgetting which day of the week it is for a moment. 

Dementia, however, involves severe cognitive decline that goes far beyond typical aging. According to the **National Institute on Aging (NIA)**, dementia involves damage to nerve cells in the brain that disrupts a person's ability to think, remember, reason, and function independently in daily life. 

### Why People Conflate Aging and Dementia
The risk of developing a brain disease that causes dementia—such as Alzheimer’s disease or vascular dementia—doubles roughly every five years after age 65. Because these diseases become much more common in older adults, people often mistake dementia for a normal part of getting older. However, getting older increases your *risk* for the disease; it does not guarantee you will get it.

### Can You Prevent Dementia?
While some risk factors (like age and genetics) cannot be changed, a significant portion of dementia risk is within a person's control. 

A landmark report updated in 2024 by **The Lancet Commission on Dementia Prevention, Intervention, and Care** identified that nearly **45% of dementia cases worldwide could potentially be prevented or delayed** by addressing 14 modifiable risk factors throughout life. 

According to **The Lancet** and the **World Health Organization (WHO)**, key ways to reduce your risk include:
* **Protecting heart health:** Managing high blood pressure, diabetes, and high cholesterol (what is good for the heart is generally good for the brain).
* **Staying physically active:** Regular exercise increases blood flow to the brain.
* **Staying socially and mentally engaged:** Continuous learning, hobbies, and social interactions build cognitive resilience.
* **Treating hearing and vision loss:** Correcting sensory impairment reduces cognitive strain and social isolation.
* **Adopting healthy habits:** Avoiding smoking, limiting alcohol consumption, and prioritizing good sleep.

### The Bottom Line
Aging does make the brain more vulnerable to disease, but dementia is a medical condition, not a natural stage of life. Taking steps to maintain a healthy lifestyle can significantly protect your brain as you age.",
Q038,A,"# Osteoporosis Affects Both Men and Women

No, osteoporosis is not just a women's health issue, though it's more common in women.

## The Reality for Men

According to the **National Institutes of Health (NIH)**, about 1 in 4 men over age 50 will experience an osteoporosis-related fracture in their lifetime. Men account for roughly 1 in 3 of all hip fractures.

Men are actually less likely to be screened and diagnosed with osteoporosis, which means many cases go undetected.

## Why Women Are More Commonly Affected

Women do have higher rates of osteoporosis because:
- Estrogen levels drop sharply after menopause, which accelerates bone loss
- Women typically have smaller bones to begin with
- They live longer on average, giving the condition more time to develop

## Key Takeaway

Both men and women should:
- Be aware of risk factors (age, family history, certain medications, low activity levels)
- Get screened if recommended by their doctor
- Maintain adequate calcium and vitamin D intake
- Stay physically active

If you're concerned about osteoporosis risk, it's worth discussing with your healthcare provider regardless of your gender.",
Q038,B,"No. **Osteoporosis can affect anyone, including men**, although it is more common in women—especially after menopause, when estrogen levels decline.

According to the **National Osteoporosis Foundation**, about **1 in 2 women and up to 1 in 4 men over age 50** will experience a fracture related to osteoporosis during their lifetime. Osteoporosis in men is often underrecognized, and fractures can be just as serious.

Risk factors for men and women include:

- Older age or a family history of osteoporosis  
- Previous fractures  
- Long-term use of corticosteroids such as prednisone  
- Smoking or heavy alcohol use  
- Low body weight or poor nutrition  
- Certain conditions, including thyroid, kidney, digestive, or hormonal disorders  
- Low testosterone in men or early menopause in women  

To help protect bone health, most adults should get adequate calcium and vitamin D, do weight-bearing and resistance exercise, avoid smoking, limit alcohol, and reduce fall risks. Bone-density testing is commonly recommended for women at age 65, while men and younger people may need testing based on their risk factors. Discuss your individual risk with a healthcare professional.",
Q038,C,"**No, osteoporosis is not only something women need to worry about.** While it is more common in women, men can—and do—develop osteoporosis. 

Because osteoporosis is often mistakenly viewed as a ""woman's disease,"" men are frequently diagnosed much later, making the condition more dangerous when it does occur.

Here is a breakdown of what you need to know about men and osteoporosis:

### The Numbers: Osteoporosis in Men
* **1 in 5 Men:** According to the **International Osteoporosis Foundation**, approximately 1 in 5 men over the age of 50 will suffer a bone fracture caused by osteoporosis in their remaining lifetime.
* **Millions Affected:** The **Bone Health and Osteoporosis Foundation (BHOF)** estimates that up to 2 million American men currently have osteoporosis, and another 12 million are at risk for low bone mass (osteopenia).

### Why Men Are Often at Higher Risk of Complications
Women tend to lose bone density rapidly in the years immediately following menopause due to a sharp drop in estrogen. Men do not experience this rapid drop, but they do lose bone density gradually as they age. 

By age 65 or 70, men and women lose bone mass at roughly the same rate. However, because men are screened for osteoporosis less often, they are less likely to be treated before a fracture occurs. Studies cited by the **National Institutes of Health (NIH)** show that men who suffer a hip fracture are actually more likely than women to suffer serious complications or die within the year following the injury.

### Risk Factors for Men
Men can develop ""primary"" osteoporosis due to aging, but they are also much more likely than women to suffer from ""secondary"" osteoporosis—meaning the bone loss is caused by a separate medical issue or lifestyle factor. Major risk factors for men include:

* **Low Testosterone:** Hypogonadism (low levels of the hormone testosterone) is a major cause of bone loss in men.
* **Medications:** Long-term use of steroid medications (like prednisone, often used for asthma or arthritis) or treatments for prostate cancer (androgen deprivation therapy) significantly weaken bones.
* **Lifestyle Factors:** Heavy alcohol consumption, smoking, and a lack of physical activity.
* **Underlying Health Conditions:** Chronic kidney, liver, or thyroid disease, as well as conditions that affect nutrient absorption (like Celiac disease).

### What You Should Do
Regardless of your gender, bone health is important. 

* **Maintain a healthy diet:** Ensure adequate intake of Calcium and Vitamin D.
* **Stay active:** Do weight-bearing exercises (walking, jogging, weight training) to keep bones strong.
* **Get screened:** The BHOF recommends that all men age 70 and older (or men ages 50–69 with risk factors) speak to their doctor about getting a simple, painless bone density test (a DEXA scan).",
Q039,A,"# What Insulin Does in the Body

Insulin is a hormone produced by your pancreas that plays a crucial role in managing blood sugar levels. Here's what it does:

## Main Functions

**Regulates blood glucose**: Insulin helps move glucose (sugar) from your bloodstream into your cells, where it can be used for energy. This lowers your blood sugar level after eating.

**Enables energy storage**: When your cells have enough glucose, insulin signals them to store the excess as glycogen (in muscles and liver) or fat for later use.

**Promotes nutrient uptake**: Beyond glucose, insulin helps cells absorb amino acids and fats, supporting overall nutrient storage and muscle growth.

## How It Works

When you eat carbohydrates, your blood sugar rises, triggering your pancreas to release insulin. The insulin acts like a ""key"" that allows cells to take in glucose. Once blood sugar levels normalize, insulin secretion decreases.

## When This System Fails

If your body doesn't produce enough insulin or your cells become resistant to it, blood sugar can remain dangerously high, leading to type 2 diabetes or type 1 diabetes.

This is why insulin is sometimes called the body's ""metabolic master switch""—it's essential for converting food into usable energy and maintaining proper blood chemistry.",
Q039,B,"**Insulin is a essential hormone produced by your pancreas that acts like a ""key"" to help your body use and store energy from the food you eat.**

Its primary job is to regulate your blood sugar (glucose) levels and keep them from getting too high or too low. 

Here is a breakdown of what insulin does in the body:

### 1. Unlocks cells to provide energy
When you eat, your digestive system breaks down carbohydrates into glucose, which enters your bloodstream. As your blood sugar rises, your pancreas releases insulin. Insulin binds to receptors on your cells—primarily in your muscles and fat—acting like a key that unlocks the cells so glucose can enter and be used for immediate energy.

### 2. Stores extra energy for later
Your body doesn't always need to use all the glucose from a meal right away. Insulin helps save this extra energy for later in two ways:
* **In the liver and muscles:** Insulin signals the liver and muscle tissue to store excess glucose as **glycogen**. This stored sugar is released later when you need energy between meals or during exercise.
* **In fat cells:** Once your liver and muscles are full of glycogen, insulin directs any remaining excess glucose to be converted and stored as fat.

### 3. Prevents the breakdown of stored fat and muscle
Insulin is a ""building"" (anabolic) hormone. When insulin levels are high (after a meal), it tells your body that plenty of fuel is available in the bloodstream. This stops the body from burning its own fat or muscle tissue for energy.

---

### How the Process Works (Step-by-Step)
According to the **Mayo Clinic**, the insulin process works in a continuous loop to keep your body balanced:
1. You eat food, raising your blood glucose levels.
2. The pancreas senses the increase and secretes insulin into the bloodstream.
3. Insulin allows glucose to enter your cells, causing blood sugar levels to drop.
4. As blood sugar drops, the pancreas slows down its production of insulin.

### What happens when insulin doesn't work properly?
* **Type 1 Diabetes:** The body's immune system mistakenly destroys the cells in the pancreas that make insulin, meaning the body produces little to no insulin and it must be taken manually.
* **Type 2 Diabetes & Insulin Resistance:** The pancreas produces insulin, but the body's cells stop responding to it effectively (insulin resistance). Over time, blood sugar levels rise because the glucose cannot get inside the cells.",
Q039,C,"Insulin is a hormone made by beta cells in the pancreas. Its main job is to help the body use and store nutrients—especially after you eat.

When blood sugar rises, insulin:

- **Helps muscle and fat cells absorb glucose** from the blood for energy.
- **Signals the liver and muscles to store glucose** as glycogen for later use.
- **Reduces the liver’s release of glucose** into the bloodstream.
- **Promotes storage of excess energy** as fat and supports protein building.
- **Slows the breakdown of fat and muscle** for energy.

Overall, insulin **lowers blood glucose and helps keep the body’s energy supply balanced**. In diabetes, the body may not make enough insulin or may not respond to it effectively, causing blood sugar to remain too high.",
Q040,A,"# First-Line Treatment for Mild Dehydration from Diarrhea

The first-line treatment for mild dehydration caused by diarrhea is **oral rehydration therapy (ORT)** using oral rehydration solutions (ORS).

## What This Involves

**Oral rehydration solutions** contain a balanced mix of:
- Water
- Electrolytes (sodium and potassium)
- Glucose (carbohydrates)

## Why ORS Works

The combination of sodium, glucose, and water allows the small intestine to absorb fluids efficiently, even during diarrhea. This replaces lost fluids and electrolytes without requiring IV fluids.

## Common ORS Products

- WHO/UNICEF recommended solutions
- Pedialyte
- Gatorade (less ideal but can work)
- Homemade solutions (if commercial products unavailable)

## Who Should Use ORT

- Children and adults with mild to moderate dehydration
- Anyone with diarrhea who needs fluid replacement

## When to Seek Medical Care

Seek medical attention if:
- Dehydration is severe
- ORS cannot be tolerated (persistent vomiting)
- Symptoms worsen despite treatment
- There are signs of severe dehydration (extreme lethargy, no urine output)

According to the **CDC and WHO**, oral rehydration therapy is the gold standard for treating mild to moderate dehydration from diarrhea and is highly effective and cost-efficient.",
Q040,B,"The first-line treatment for mild dehydration caused by diarrhea is **Oral Rehydration Therapy (ORT)** using an **Oral Rehydration Solution (ORS)**. 

According to guidelines from the **World Health Organization (WHO)** and the **Centers for Disease Control and Prevention (CDC)**, ORS is the most effective way to replace the water and essential electrolytes (such as sodium and potassium) lost during diarrhea.

---

### What is an Oral Rehydration Solution (ORS)?
An ORS is a specific mixture of clean water, salts, and glucose (sugar). The sugar helps the intestines absorb the sodium and water much more efficiently than water alone.

* **Where to get it:** You can buy pre-mixed liquids or powder packets to mix with clean water over-the-counter at most pharmacies and grocery stores (common brand names include **Pedialyte**, **Liquid I.V.** rehydration formulations, or generic store-brand rehydration solutions).
* **Homemade alternatives:** The **WHO** provides a standard formula if commercial packets aren't available: 6 level teaspoons of sugar and 1/2 level teaspoon of salt dissolved in 1 liter of clean water. (Pre-measured commercial packets are preferred to avoid mixing errors).

---

### How to Take It
* **Start small:** Take small, frequent sips rather than gulping large amounts at once, especially if you feel nauseous. For young children, try giving a teaspoon or small syringe of fluid every few minutes.
* **Eat as tolerated:** Once rehydration is underway, the **American Academy of Pediatrics (AAP)** recommends continuing a regular, age-appropriate diet. You do not need to stick strictly to a bland diet (like the old BRAT diet), though bland foods are often easier on the stomach.

---

### What to Avoid
* **Plain water alone:** While drinking water is good, relying *only* on large amounts of plain water does not replace lost electrolytes and can sometimes lead to dangerously low sodium levels.
* **Sugary drinks:** Avoid sodas, sweetened fruit juices, energy drinks, and undiluted sports drinks (like Gatorade). High concentrations of sugar can actually draw water back into the intestines, worsening diarrhea (known as osmotic diarrhea).
* **Boiled milk or caffeinated drinks:** These can aggravate the stomach or act as a diuretic.

---

### When to Seek Immediate Medical Care
Mild dehydration can usually be managed at home, but you should see a doctor or go to urgent care if you notice signs of **moderate to severe dehydration**, including:

* Extreme thirst, dry mouth, or lack of tears when crying (in infants)
* Little to no urination (or no wet diapers for 3–4 hours in infants)
* Dizziness, lightheadedness, confusion, or extreme lethargy
* High fever or severe abdominal pain
* Stools that are bloody, black, or contain pus
* Inability to keep fluids down due to persistent vomiting

*(Sources explicitly referenced: World Health Organization, Centers for Disease Control and Prevention, American Academy of Pediatrics)*",
Q040,C,"The **first-line treatment for mild dehydration from diarrhea is oral rehydration solution (ORS)**—a balanced mixture of water, salts, and glucose that replaces both fluids and electrolytes.

- Take **small, frequent sips**; use a spoon or syringe for young children.
- **Continue breastfeeding and normal food** as tolerated.
- Use a commercial ORS packet mixed exactly as directed, rather than plain water, soda, juice, or sports drinks.
- For children, **zinc supplementation** may also be recommended in some settings, especially where advised by a clinician.

Seek medical care urgently for severe thirst, very little or no urination, lethargy, confusion, inability to drink, blood in the stool, persistent vomiting, or dehydration in a very young infant. The **World Health Organization (WHO)** and **CDC** recommend ORS as the standard initial treatment.",
Q041,A,"# How High Blood Pressure Is Diagnosed

High blood pressure (hypertension) is diagnosed through **blood pressure readings**, which measure the force of blood against artery walls. Here's how the process typically works:

## Blood Pressure Measurement

A healthcare provider uses a device called a **sphygmomanometer** (blood pressure cuff) to measure two numbers:
- **Systolic pressure** (top number): pressure when your heart beats
- **Diastolic pressure** (bottom number): pressure when your heart rests between beats

Both are measured in millimeters of mercury (mmHg).

## Diagnosis Criteria

According to the **American Heart Association**, blood pressure categories are:
- **Normal**: Less than 120/80 mmHg
- **Elevated**: Systolic 120-129 and diastolic less than 80
- **High Blood Pressure Stage 1**: Systolic 130-139 or diastolic 80-89
- **High Blood Pressure Stage 2**: Systolic 140 or higher or diastolic 90 or higher

## Diagnostic Process

- **Multiple readings**: Diagnosis typically requires multiple elevated readings over time, not just one
- **Different settings**: Readings may be taken at your doctor's office, home, or a pharmacy
- **Home monitoring**: Doctors often recommend home blood pressure monitors for more accurate readings
- **Additional tests**: If high blood pressure is suspected, your doctor may order tests to check for complications

**When to see a doctor**: If your blood pressure is consistently elevated, contact your healthcare provider for evaluation and discussion of treatment options.",
Q041,B,"High blood pressure (hypertension) is diagnosed by **repeated blood-pressure measurements**, not usually from a single high reading.

### How it’s measured
A clinician will typically:

1. Have you sit quietly for about 5 minutes, with your back supported, feet flat on the floor, and arm supported at heart level.
2. Use a properly sized upper-arm cuff.
3. Take at least two readings, usually 1–2 minutes apart.
4. Repeat measurements on a separate visit—or confirm them with home or 24-hour ambulatory monitoring.

Home or ambulatory monitoring can help identify:

- **White-coat hypertension:** high readings in a medical office but normal readings elsewhere.
- **Masked hypertension:** normal office readings but high readings at home or during daily activities.

### Blood-pressure categories
Under the **American College of Cardiology/American Heart Association (ACC/AHA)** guidelines, hypertension is generally diagnosed when the **average** blood pressure is:

- **130/80 mm Hg or higher**, based on readings taken on at least two occasions.

The categories are:

- Normal: below 120/80
- Elevated: 120–129 and below 80
- Stage 1 hypertension: 130–139 or 80–89
- Stage 2 hypertension: 140 or higher or 90 or higher

Definitions vary somewhat by country and guideline. For example, some guidelines use **140/90 mm Hg or higher in a clinic** as the diagnostic threshold.

A clinician may also order blood and urine tests, check kidney function, cholesterol and blood sugar, perform an eye or heart examination, and review medications and other conditions—both to look for causes and to assess possible effects of high blood pressure.

A reading of **180/120 mm Hg or higher** should be repeated after a few minutes. If it remains that high, contact a healthcare professional promptly; seek emergency care immediately if it occurs with chest pain, shortness of breath, weakness, confusion, vision changes, or a severe headache.",
Q041,C,"High blood pressure (hypertension) is diagnosed using a quick, painless test with a standard blood pressure cuff. Because blood pressure naturally goes up and down throughout the day, a doctor will rarely diagnose high blood pressure based on a single high reading. 

According to guidelines from the **American Heart Association (AHA)** and the **American College of Cardiology (ACC)**, the diagnostic process typically involves the following steps:

---

### 1. Initial Blood Pressure Measurement
A Healthcare provider wraps an inflatable cuff around your arm. The cuff measures two numbers, expressed in millimeters of mercury (mm Hg):
*   **Systolic pressure (top number):** Measures the pressure in your arteries when your heart beats.
*   **Diastolic pressure (bottom number):** Measures the pressure in your arteries when your heart rests between beats.

---

### 2. Understanding the Diagnostic Categories
The AHA/ACC guidelines classify adult blood pressure into four main categories:

| Category | Systolic (Top Number) | | Diastolic (Bottom Number) |
| :--- | :--- | :--- | :--- |
| **Normal** | Less than 120 | **and** | Less than 80 |
| **Elevated** | 120–129 | **and** | Less than 80 |
| **Stage 1 Hypertension** | 130–139 | **or** | 80–89 |
| **Stage 2 Hypertension** | 140 or higher | **or** | 90 or higher |

*Note: If your reading is higher than 180/120 mm Hg, it is considered a **hypertensive crisis**, requiring immediate medical attention.*

---

### 3. Confirming the Diagnosis
To formally diagnose high blood pressure, your doctor will usually ask for:
*   **Multiple Readings Over Time:** You will typically need elevated readings from two or more separate appointments.
*   **Home Blood Pressure Monitoring:** Your doctor may ask you to keep a log of your blood pressure taken at home at consistent times each day.
*   **Ambulatory Monitoring:** In some cases, a 24-hour wearable device that automatically takes your blood pressure throughout the day and night is used. 

This helps rule out **""white coat hypertension""** (a temporary rise in blood pressure due to stress at the doctor’s office) or **""masked hypertension""** (normal readings at the doctor, but high readings elsewhere).

---

### 4. Follow-Up Testing
Once high blood pressure is diagnosed, your doctor may recommend basic tests to check for underlying medical conditions or to see if the high blood pressure has caused damage to other organs:
*   **Blood tests:** To check cholesterol levels, blood sugar, and kidney function.
*   **Urine tests:** To look for signs of kidney disease.
*   **Electrocardiogram (ECG/EKG):** A quick test to check your heart’s electrical activity and look for signs of heart strain.

---

### How to Get an Accurate Reading
To ensure your test results are accurate during a checkup:
*   Avoid caffeine, exercise, and smoking for 30 minutes before the test.
*   Sit quietly for 5 minutes before the reading is taken.
*   Sit with your back supported, feet flat on the floor, and your arm resting on a table at heart level.",
Q042,A,"High cholesterol is usually diagnosed through a simple blood test called a **lipid panel** (or **lipid profile**). Because high cholesterol typically has no symptoms, regular blood screenings are the only way to detect it.

Here is a breakdown of how the diagnosis works, what the test measures, and how often you should be tested.

---

### 1. The Diagnostic Test: A Lipid Panel
A lipid panel measures the amount of specific fats (lipids) in your blood. The blood sample is usually drawn from a vein in your arm at a doctor’s office or lab. 

The test measures four key components:
*   **LDL (Low-Density Lipoprotein):** Often called ""bad"" cholesterol. High levels lead to plaque buildup in your arteries, increasing the risk of heart disease and stroke.
*   **HDL (High-Density Lipoprotein):** Often called ""good"" cholesterol. It helps carry excess cholesterol away from your arteries and back to the liver to be removed.
*   **Triglycerides:** A type of fat in your blood used for energy. High levels, combined with high LDL, increase heart risk.
*   **Total Cholesterol:** The overall amount of cholesterol in your blood (calculated from your LDL, HDL, and a portion of your triglycerides).

### 2. How to Prepare for the Test
In the past, patients were always required to **fast (avoid eating or drinking anything except water) for 9 to 12 hours** before the blood draw. 

Today, medical guidelines have evolved. While fasting is still recommended for the most precise measurement of triglycerides and LDL, many healthcare providers now accept **non-fasting** blood tests for basic initial screenings. Your doctor will let you know if you need to fast before your appointment.

### 3. Understanding the Results
Cholesterol is measured in milligrams per deciliter of blood (mg/dL). According to the **American Heart Association (AHA)**, doctors generally look for the following total cholesterol ranges for adults:

*   **Desirable:** Less than 200 mg/dL
*   **Borderline high:** 200 to 239 mg/dL
*   **High:** 240 mg/dL and above

*Note: Doctors no longer look at total cholesterol numbers in isolation. They evaluate your LDL, HDL, and triglycerides alongside your age, blood pressure, smoking status, and overall health to assess your personal risk for heart disease.*

### 4. How Often Should You Be Diagnosed/Screened?
Because cholesterol levels change over time, regular testing is necessary. According to the **Centers for Disease Control and Prevention (CDC)**:

*   **Healthy Adults:** Most adults should have their cholesterol checked every **4 to 6 years**.
*   **Children and Teens:** Children should have their cholesterol checked at least once between ages **9 and 11**, and again between ages **17 and 21**.
*   **Higher Risk Adults:** People with diabetes, heart disease, high blood pressure, or a family history of high cholesterol may need to be tested much more frequently, often once a year or as advised by their doctor.",
Q042,B,"High cholesterol is usually diagnosed with a **blood test called a lipid panel (or lipid profile)**. It measures:

- **LDL cholesterol** (“bad” cholesterol)
- **HDL cholesterol** (“good” cholesterol)
- **Triglycerides**
- **Total cholesterol**

A healthcare professional interprets these results along with your age, blood pressure, smoking status, diabetes, family history, and other factors to estimate cardiovascular risk. High cholesterol usually causes **no symptoms**, so routine screening is important.

The test often **does not require fasting**, although a clinician may request fasting—especially if triglycerides are high or a more accurate measurement is needed. If results are unexpectedly abnormal, the test may be repeated. Your clinician may also check for contributing conditions such as diabetes, thyroid disease, liver or kidney problems, or medication effects.

The **Centers for Disease Control and Prevention (CDC)** and the **American Heart Association (AHA)** recommend discussing when to begin and repeat cholesterol screening based on individual risk.",
Q042,C,"# How High Cholesterol Is Diagnosed

High cholesterol is typically diagnosed through a **blood test called a lipid panel** (also called a lipid profile). Here's how the process usually works:

## The Test
- A healthcare provider orders a blood test, usually after a fasting period (often 9-12 hours without food or drink)
- The lab analyzes your blood to measure:
  - Total cholesterol
  - LDL cholesterol (""bad"" cholesterol)
  - HDL cholesterol (""good"" cholesterol)
  - Triglycerides

## Recommended Screening
According to the **American Heart Association and CDC**:
- Adults should have their cholesterol checked at least once every 4-6 years
- Screening may be recommended more frequently for people with risk factors (family history, age, other health conditions)
- For men: screening typically begins at age 20
- For women: screening typically begins at age 20, but becomes especially important after age 55

## What the Results Mean
Your doctor will interpret the numbers based on guidelines. Generally, they're looking for:
- Lower LDL levels (the goal varies by individual risk)
- Higher HDL levels
- Lower triglyceride levels

## Next Steps
If high cholesterol is found, your doctor may recommend lifestyle changes, medication, or additional testing depending on your individual risk factors.

If you have concerns, it's best to consult with your healthcare provider.",
Q043,A,"For healthy adults, the official recommendation is to limit sodium to **less than 2,300 milligrams (mg) per day**. This is roughly equal to **1 teaspoon of table salt**. 

However, recommended limits vary slightly depending on health organizations and individual health conditions:

* **U.S. Dietary Guidelines and the FDA:** The **U.S. Food and Drug Administration (FDA)** and the **U.S. Department of Agriculture (USDA)** recommend a maximum of **2,300 mg per day** for adults and children aged 14 and older.
* **American Heart Association (AHA):** The AHA recommends an upper limit of 2,300 mg per day, but suggests an **ideal limit of no more than 1,500 mg per day** for most adults, especially those with high blood pressure, diabetes, or cardiovascular disease.
* **World Health Organization (WHO):** The WHO recommends that adults consume less than **2,000 mg of sodium per day** (equivalent to 5 grams of salt).

### Context: How Much Are People Actually Eating?
According to the **Centers for Disease Control and Prevention (CDC)**, the average American adult consumes more than **3,400 mg of sodium per day**—well above the recommended limit. 

Over 70% of the sodium consumed by Americans comes from processed, packaged, and restaurant foods, rather than from salt added at the dinner table. High sodium intake can lead to high blood pressure, heart disease, and stroke.",
Q043,B,"Most adults should limit sodium to **less than 2,300 mg per day**—about **1 teaspoon of table salt** total from all foods and drinks, according to the **U.S. Dietary Guidelines for Americans** and the **FDA**.

For people with high blood pressure, heart disease, kidney disease, or increased cardiovascular risk, the **American Heart Association** recommends an ideal limit of **1,500 mg per day**, if possible. Sodium is a component of salt, so **2,300 mg of sodium is not the same as 2,300 mg of salt**.",
Q043,C,"# Daily Sodium Limits for Adults

According to the **U.S. Department of Health and Human Services and the American Heart Association**, adults should limit sodium intake to **less than 2,300 milligrams (mg) per day** — roughly equivalent to one teaspoon of salt.

## Lower Recommendation

However, the **American Heart Association** recommends an even lower target of **1,500 mg per day** for optimal heart health, as this level may help reduce blood pressure and cardiovascular disease risk.

## Why It Matters

Most Americans consume more sodium than recommended, primarily from processed and restaurant foods. Excess sodium can contribute to high blood pressure and increase the risk of heart disease and stroke.

## Practical Note

The 2,300 mg limit is the official guideline most government health agencies use, while 1,500 mg represents an ideal target for those managing hypertension or seeking optimal cardiovascular health.",
Q044,A,"Yes, the amount of calcium an adult needs per day **does change with age**, and it also depends on your sex. 

According to guidelines established by the **National Institutes of Health (NIH) Office of Dietary Supplements**, here is the recommended daily allowance (RDA) for adult calcium intake:

*   **Adults aged 19 to 50:** 1,000 mg per day
*   **Men aged 51 to 70:** 1,000 mg per day
*   **Women aged 51 to 70:** 1,200 mg per day
*   **Adults aged 71 and older:** 1,200 mg per day (for both men and women)
*   **Pregnant and breastfeeding adults:** 1,000 mg per day

### Why does the recommendation change with age?

As people age, their bodies become less efficient at absorbing calcium, and bones naturally begin to lose density. 

*   **For women over 50:** Estrogen levels drop significantly after menopause. Because estrogen helps keep calcium in the bones, women in this age group experience faster bone loss and require an extra 200 mg per day to help protect against osteoporosis.
*   **For men over 70:** Bone loss slows down in men compared to women, but by age 71, men also begin losing bone mass at a faster rate, triggering the need for 1,200 mg per day.

### Important tips to keep in mind:

1.  **More isn't always better:** The **Mayo Clinic** notes that getting too much calcium (over 2,000 to 2,500 mg a day from supplements) can lead to side effects like kidney stones, constipation, or issues with absorbing other nutrients. 
2.  **Don't forget Vitamin D:** Your body needs Vitamin D to absorb calcium effectively. Adults under 70 generally need 600 IU (International Units) of Vitamin D daily, while adults 70 and older need 800 IU.
3.  **Food first:** Health organizations recommend getting as much of your calcium as possible through food (dairy products, leafy greens, fortified plant milks, and canned fish with bones) before turning to supplements.",
Q044,B,"# Daily Calcium Requirements for Adults

## General Recommendations

According to the **National Institutes of Health (NIH)** and **USDA Dietary Guidelines**, most adults need:

- **1,000 mg per day** for men ages 19-70
- **1,000 mg per day** for women ages 19-50
- **1,200 mg per day** for women age 51 and older
- **1,200 mg per day** for men age 71 and older

## Why It Changes

The increase after age 50-70 reflects:
- Decreased estrogen in postmenopausal women, which affects calcium absorption
- Natural decline in bone density with aging
- Reduced ability to absorb calcium efficiently

## Important Notes

- These are Recommended Dietary Allowances (RDAs), meaning they cover about 97% of healthy people's needs
- Individual needs can vary based on health conditions, medications, and vitamin D levels
- Getting calcium from food sources (dairy, leafy greens, fortified products) is generally preferred over supplements
- Adequate vitamin D intake is also essential for calcium absorption

If you have specific health concerns or conditions that might affect your calcium needs, it's best to consult with your healthcare provider or a registered dietitian.",
Q044,C,"### Recommended daily calcium intake for adults

| Age/sex | Recommended amount |
|---|---:|
| Adults 19–50 | **1,000 mg/day** |
| Men 51–70 | **1,000 mg/day** |
| Women 51–70 | **1,200 mg/day** |
| Adults 71 and older | **1,200 mg/day** |

Pregnant or breastfeeding adults generally need **1,000 mg/day**—or **1,300 mg/day** if they are teenagers.

So, calcium needs increase for **women starting at age 51** and for **everyone at age 71**. These amounts include calcium from food, beverages, and supplements. Food sources such as dairy products, calcium-fortified plant milks, tofu made with calcium, canned fish with bones, and some leafy greens are generally preferred.

The main source is the **National Institutes of Health Office of Dietary Supplements (NIH ODS), “Calcium – Fact Sheet for Health Professionals.”** Individual needs may differ with conditions such as osteoporosis, kidney disease, or problems absorbing nutrients.",
Q045,A,"Women who are capable of becoming pregnant should take **400 micrograms (mcg)** of folic acid every day. 

According to guidelines from both the **Centers for Disease Control and Prevention (CDC)** and the **U.S. Preventive Services Task Force (USPSTF)**, taking 400 mcg of folic acid daily helps prevent major birth defects of the baby's brain and spine, known as neural tube defects (such as spina bifida and anencephaly).

### Why start taking it before pregnancy?
These birth defects develop in the first 3 to 4 weeks of pregnancy—often before a woman even realizes she is pregnant. Because about half of all pregnancies in the U.S. are unplanned, health organizations recommend that *all* women of reproductive age take a daily folic acid supplement, even if they are not actively trying to conceive.

### How to get 400 mcg of folic acid:
* **Supplements:** Most standard over-the-counter multivitamins or prenatal vitamins contain 400 mcg (or 0.4 mg) of folic acid. 
* **Fortified Foods:** You can also get folic acid from enriched foods, such as fortified breakfast cereals, bread, pasta, and rice. 
* **Natural Folate:** A healthy diet rich in natural folate (found in dark leafy greens, beans, nuts, and citrus fruits) is great for overall health, but the CDC notes that it is difficult for most women to get enough folate through food alone to prevent neural tube defects. 

### Are there exceptions for a higher dose?
Yes. If you have a higher risk of having a baby with a neural tube defect—for example, if you have previously had a pregnancy affected by spina bifida, or if you take certain medications for seizures—the **American College of Obstetricians and Gynecologists (ACOG)** recommends a much higher prescription dose (often 4,000 mcg or 4 mg daily) starting before pregnancy. If this applies to you, speak with a doctor to get the correct recommended dosage.",
Q045,B,"Women capable of becoming pregnant should take **400 micrograms (mcg) of folic acid daily**—even if they are not planning a pregnancy. The **CDC** recommends this amount to help prevent serious birth defects of the baby’s brain and spine. It is especially important to begin at least **1 month before conception** and continue during early pregnancy.

Women who have had a pregnancy affected by a neural-tube defect may need **4,000 mcg daily**, but only under a healthcare professional’s direction.",
Q045,C,"# Folic Acid Recommendations for Women of Childbearing Age

According to the **CDC and U.S. Preventive Services Task Force**, women who could become pregnant should take **400 micrograms (0.4 mg) of folic acid daily**.

## Key Points:

- **Timing**: This should ideally start before pregnancy and continue throughout childbearing years, since many pregnancies are unplanned and folic acid is most critical early in pregnancy
- **Why it matters**: Adequate folic acid reduces the risk of neural tube defects (birth defects of the brain and spinal cord) by up to 70%
- **How to get it**: 
  - Prenatal vitamins
  - Fortified cereals and grains
  - Leafy greens, legumes, and asparagus (though supplementation is recommended to ensure adequate intake)

## Special Cases:

Women with certain conditions (like a history of neural tube defects, or taking certain medications) may need **higher doses** and should consult their healthcare provider.

If you're planning pregnancy or are capable of becoming pregnant, it's worth discussing folic acid supplementation with your doctor to determine the right approach for your individual situation.",
Q046,A,"According to the **American Diabetes Association (ADA)**:

- **Normal:** A1C **below 5.7%**
- **Prediabetes:** A1C **5.7%–6.4%**
- **Diabetes:** A1C **6.5% or higher**

An A1C in the diabetes range usually needs to be **confirmed with a repeat A1C or another diabetes test** unless there are clear symptoms or very high glucose levels. A1C may be less reliable in situations such as pregnancy, anemia, certain blood disorders, or recent blood loss.",
Q046,B,"# A1C Levels and Diabetes Classification

Here are the standard A1C cutoffs used by the American Diabetes Association (ADA):

## Classification by A1C Level:

- **Normal:** Below 5.7%
- **Prediabetes:** 5.7% to 6.4%
- **Diabetes:** 6.5% or higher

## What This Means:

**A1C measures your average blood sugar over the past 2-3 months**, so it's a useful indicator of long-term blood sugar control.

- If your A1C is in the normal range, your blood sugar levels have been generally healthy
- Prediabetes means your blood sugar is higher than normal, but not yet in the diabetic range—this is a warning sign to make lifestyle changes
- An A1C of 6.5% or above typically leads to a diabetes diagnosis (usually confirmed with a second test)

## Important Notes:

- A single A1C result can sometimes be misleading. According to the ADA, diabetes diagnosis typically requires either two A1C tests of 6.5% or higher, or one A1C plus symptoms with a high blood sugar reading
- Other factors like age, anemia, and certain medical conditions can affect A1C accuracy
- It's best to discuss your specific results with your doctor, as individual treatment goals may vary",
Q046,C,"According to the **American Diabetes Association (ADA)**, standard A1C test results are categorized as follows:

* **Normal:** Below 5.7%
* **Prediabetes:** 5.7% to 6.4%
* **Diabetes:** 6.5% or higher

### What does the A1C test measure?
The A1C test (sometimes called the HbA1c test) measures the percentage of your red blood cells that have sugar-coated hemoglobin. It reflects your average blood sugar level over the past **2 to 3 months**. 

### Important Things to Know
* **Confirmation:** The **Centers for Disease Control and Prevention (CDC)** notes that a single A1C test result of 6.5% or higher usually needs to be repeated on a different day to confirm a diabetes diagnosis, unless you already have clear symptoms of high blood sugar.
* **Target goals vary:** If you have already been diagnosed with diabetes, the ADA generally recommends aiming for an A1C goal of **under 7.0%**, though your personal target may be lower or higher depending on your age, overall health, and treatment plan.",
Q047,A,"According to the **Dietary Guidelines for Americans** (issued by the U.S. Department of Agriculture and the Department of Health and Human Services), the recommended daily fiber intake for adults depends on age and sex:

*   **Women under 50:** 25 grams per day
*   **Women 50 and older:** 21 grams per day
*   **Men under 50:** 38 grams per day
*   **Men 50 and older:** 30 grams per day

Another common guideline set by the **Institute of Medicine** is to aim for **14 grams of fiber for every 1,000 calories** you consume. 

### The ""Fiber Gap""
Despite these recommendations, most adults do not get enough fiber. The **American Heart Association** notes that the average American adult eats only about **15 grams of fiber per day**—roughly half of the recommended amount.

### Good Sources of Fiber
You can boost your fiber intake by eating more:
*   **Legumes:** Beans, lentils, and chickpeas
*   **Whole Grains:** Oatmeal, brown rice, quinoa, and whole-wheat bread
*   **Fruits:** Berries, apples (with the skin), pears, and oranges
*   **Vegetables:** Broccoli, Brussels sprouts, carrots, and leafy greens
*   **Nuts and Seeds:** Chia seeds, flaxseeds, and almonds

*Note: If you plan to increase your fiber intake, experts at the **Mayo Clinic** recommend doing so **gradually** over a few weeks and drinking plenty of **water**. Adding fiber too quickly can cause gas, bloating, and abdominal cramps.*",
Q047,B,"# Daily Dietary Fiber Recommendations for Adults

According to the **Academy of Nutrition and Dietetics** and guidelines from the **U.S. Department of Agriculture (USDA)**, adult recommendations are:

- **Women**: 25 grams per day
- **Men**: 38 grams per day

(These recommendations apply to adults under age 50; amounts are slightly lower for those 51 and older—21g for women and 30g for men.)

## Why Fiber Matters

Adequate fiber intake supports:
- Digestive health
- Heart health
- Blood sugar management
- Healthy weight maintenance

## Practical Tips

Most Americans fall short of these targets. To increase your intake:
- Eat whole grains instead of refined grains
- Include beans, legumes, and lentils
- Eat fruits and vegetables with skins
- Add nuts and seeds to meals

**Important**: Increase fiber gradually and drink plenty of water, as adding too much too quickly can cause digestive discomfort.

If you have specific health conditions or concerns, it's best to consult your doctor or a registered dietitian for personalized recommendations.",
Q047,C,"Most adults should aim for **about 25–38 grams of dietary fiber per day**:

- **Men age 19–50:** 38 g  
- **Women age 19–50:** 25 g  
- **Men over 50:** 30 g  
- **Women over 50:** 21 g  

A general guideline is **14 grams of fiber per 1,000 calories consumed**. The U.S. Food and Drug Administration lists **28 grams per day** as the Daily Value, based on a 2,000-calorie diet.

Increase fiber gradually and drink enough fluids to reduce bloating or constipation. Good sources include beans, whole grains, fruits, vegetables, nuts, and seeds.

**Sources:** *Dietary Guidelines for Americans* and the U.S. Food and Drug Administration (Nutrition Facts label Daily Value).",
Q048,A,"For healthy adults, the absolute maximum safe daily dose of acetaminophen (the active ingredient in Tylenol) is **4,000 milligrams (mg)** in a 24-hour period. 

However, to provide an extra margin of safety against accidental overdose, the **U.S. Food and Drug Administration (FDA)** and the makers of Tylenol (**Kenvue**, formerly McNeil Consumer Healthcare) recommend a lower daily limit of **3,000 mg to 3,250 mg** for many of their products.

---

### Safe Dosage Breakdown for Healthy Adults

* **Maximum limit per 24 hours:** 3,000 mg to 4,000 mg.
* **Maximum limit per single dose:** 1,000 mg.
* **Time interval:** Wait at least 4 to 6 hours between doses.

*Example:* 
* **Regular Strength Tylenol (325 mg per pill):** No more than 10 pills per day (3,250 mg total).
* **Extra Strength Tylenol (500 mg per pill):** No more than 6 pills per day (3,000 mg total).

---

### Important Safety Warnings

1. **Watch for ""Hidden"" Acetaminophen:** 
   Acetaminophen is found in over 600 different prescription and over-the-counter medications, including cough and cold products (like NyQuil or DayQuil), allergy remedies, and prescription painkillers (like Vicodin or Percocet). Combining these with Tylenol can lead to an accidental overdose. Look for ""acetaminophen"" or ""APAP"" on the label.

2. **Alcohol Consumption:** 
   If you drink 3 or more alcoholic beverages every day, taking acetaminophen increases your risk of severe liver damage. The **FDA** advises people who consume alcohol regularly to talk to their doctor before taking acetaminophen, as a safe limit for them is often lower (usually no more than 2,000 mg per day).

3. **Pre-existing Liver Conditions:** 
   If you have liver disease or hepatitis, you should consult a doctor before taking acetaminophen, as your safe limit may be significantly lower, or you may need to avoid it entirely.

***Disclaimer:** This information is for educational purposes and is not a substitute for professional medical advice. Always read the package instructions carefully, and consult a physician or pharmacist if you are unsure about safe dosages for your specific health needs.*",
Q048,B,"# Maximum Safe Daily Dose of Acetaminophen

The maximum safe daily dose of acetaminophen for adults is **3,000 to 4,000 mg per day**, with most health authorities recommending **3,000 mg as the safer limit**.

## Key Guidelines:

- **FDA recommendation**: 3,000-4,000 mg per day maximum
- **Safest practice**: 3,000 mg per day or less
- **Single dose**: Typically 325-650 mg every 4-6 hours, or 1,000 mg every 6-8 hours (not exceeding 4,000 mg in 24 hours)

## Important Cautions:

- Taking more than recommended doses increases risk of **liver damage**
- Be aware that acetaminophen is found in many combination products (cold medicines, flu remedies, pain relievers), so check labels to avoid accidental overdose
- People with liver disease, those who drink alcohol regularly, or anyone taking other medications should use lower doses and consult a doctor
- Chronic use at high doses is more dangerous than occasional use

## When to See a Doctor:

If you need acetaminophen regularly, consult your healthcare provider about appropriate dosing for your situation. They can also help identify safer pain management alternatives if needed.

Always read product labels carefully and talk to a pharmacist if you're unsure about safe dosing.",
Q048,C,"For most healthy adults, the **maximum total acetaminophen dose is 4,000 mg (4 grams) in any 24-hour period**, counting **all sources**—including Tylenol, cold/flu medicines, prescription painkillers, and combination products.

However, many over-the-counter Tylenol labels set a lower maximum of **3,000 mg per day**, which is a safer limit for routine self-treatment. Do not take doses more often than directed—typically every **4–6 hours**.

Use extra caution and ask a healthcare professional before taking acetaminophen if you:

- Have liver disease
- Drink **three or more alcoholic drinks daily**
- Are underweight, malnourished, or elderly
- Take other medicines containing acetaminophen

The **U.S. Food and Drug Administration (FDA)** advises not exceeding 4,000 mg per day from all products. If you may have taken too much, contact **Poison Control in the U.S. at 1-800-222-1222** or seek emergency care immediately—even if you feel well, since liver damage can initially cause few symptoms.",
Q049,A,"According to the **U.S. National Institutes of Health (NIH) Office of Dietary Supplements**:

- **Adults ages 19–70:** **600 IU (15 micrograms) per day**
- **Adults 71 and older:** **800 IU (20 micrograms) per day**
- **Pregnant or breastfeeding adults:** **600 IU (15 micrograms) per day**

These amounts include vitamin D from food, beverages, and supplements. The general upper limit for adults is **4,000 IU (100 micrograms) daily**, unless a healthcare professional recommends more to treat a deficiency. Individual needs can vary based on sun exposure, skin pigmentation, age, medical conditions, and absorption.

Source: **NIH Office of Dietary Supplements, “Vitamin D Fact Sheet for Health Professionals.”**",
Q049,B,"For most healthy adults, the recommended daily amount of vitamin D depends on your age, but it generally ranges between **600 and 800 International Units (IU)** per day. 

Here is a breakdown of the official guidelines and expert recommendations:

### Standard Official Guidelines
According to the **National Institutes of Health (NIH) Office of Dietary Supplements**, the Recommended Dietary Allowance (RDA) for vitamin D is:

*   **Adults aged 19–70:** 600 IU (15 micrograms) daily
*   **Adults aged 71 and older:** 800 IU (20 micrograms) daily
*   **Pregnant and breastfeeding women:** 600 IU (15 micrograms) daily

### Alternative Medical Guidelines
Some professional organizations suggest that higher daily amounts may be beneficial for maintaining optimal blood levels:

*   **The Endocrine Society** suggests that adults may need **1,500 to 2,000 IU** per day to consistently keep their vitamin D blood levels in a healthy range, especially if they have limited sun exposure.

### What is the Safe Maximum Limit?
According to the **NIH**, the upper safe limit for adults is **4,000 IU per day**. Taking more than this on a daily basis without medical supervision can lead to vitamin D toxicity, which can cause excess calcium buildup in the blood (hypercalcemia), leading to nausea, kidney issues, and bone pain.

### Why Your Individual Needs Might Vary
You may need more or less vitamin D based on several factors, including:
*   **Sun exposure:** Your body produces vitamin D naturally when exposed to sunlight. People who live in northern latitudes, spend most of their time indoors, or consistently wear sunscreen may need more from supplements or food.
*   **Skin tone:** Darker skin has more melanin, which reduces the skin's ability to produce vitamin D from sunlight.
*   **Existing deficiency:** If a blood test shows you are deficient, a doctor may temporarily prescribe much higher doses (e.g., 50,000 IU weekly) to bring your levels back to normal.

*Note: 1 microgram (mcg) of vitamin D is equal to 40 IU.*",
Q049,C,"# Daily Vitamin D Requirements for Adults

According to the **National Institutes of Health (NIH)** and **Institute of Medicine**, the recommended daily allowance (RDA) for vitamin D is:

- **600-800 IU (International Units)** per day for most adults aged 19-70 years
- **800 IU** for adults over 70 years old

Some organizations, like the **Endocrine Society**, recommend slightly higher amounts—up to **1,500-2,000 IU daily**—particularly for people with limited sun exposure or those at risk of deficiency.

## Important Notes:
- The upper safe limit is generally considered **4,000 IU per day** for most adults
- Individual needs vary based on factors like skin tone, sun exposure, diet, and geographic location
- Many people benefit from testing their vitamin D levels, especially if they have risk factors for deficiency

If you're concerned about your specific vitamin D needs, it's best to consult with your healthcare provider, who can recommend appropriate levels based on your personal circumstances.",
Q050,A,"# Daily Potassium Requirements for Adults

According to the **National Academies of Sciences, Engineering, and Medicine**, the recommended adequate intake (AI) for potassium is:

- **Adult men**: 3,400 mg per day
- **Adult women**: 2,600 mg per day

These recommendations are for generally healthy adults. Requirements may be different for:
- **Pregnant and breastfeeding women** (higher amounts)
- **Older adults** (same as general recommendations)
- **People with certain medical conditions** (may need to limit potassium)

## How to Get Enough

Most people can meet their potassium needs through a balanced diet that includes:
- Fruits (bananas, oranges, avocados)
- Vegetables (spinach, sweet potatoes, beans)
- Dairy products
- Fish

If you have kidney disease, diabetes, or take certain medications, talk to your doctor about your specific potassium needs, as you may need to restrict intake.",
Q050,B,"According to guidelines established by the **National Academies of Sciences, Engineering, and Medicine (NASEM)** and cited by the **National Institutes of Health (NIH)**, the recommended daily intake of potassium for healthy adults is:

* **Adult Men (19 and older):** 3,400 milligrams (mg) per day
* **Adult Women (19 and older):** 2,600 milligrams (mg) per day

### Daily Needs During Pregnancy and Breastfeeding
Potassium needs change for women during pregnancy and lactation:
* **Pregnant women (19–50 years):** 2,900 mg per day
* **Breastfeeding women (19–50 years):** 2,800 mg per day

---

### Good Food Sources of Potassium
It is generally recommended to get your daily potassium from food rather than supplements. Some high-potassium foods include:
* **Baked potatoes with skin** (~900 mg)
* **Cooked spinach** (1/2 cup: ~400 mg)
* **Bananas** (medium: ~420 mg)
* **Cooked lentils** (1/2 cup: ~365 mg)
* **Plain low-fat yogurt** (1 cup: ~570 mg)
* **Avocados** (1/2 avocado: ~345 mg)

---

### Important Safety Note
Most people get enough potassium through a balanced diet, but both **too little** (hypokalemia) and **too much** (hyperkalemia) potassium can cause serious health issues, particularly affecting heart rhythm. 

If you have **kidney disease**, high blood pressure, or take specific medications (such as ACE inhibitors or potassium-sparing diuretics), your body may process potassium differently. Always consult a healthcare professional before taking potassium supplements.",
Q050,C,"For healthy adults, the **adequate daily intake of potassium** is:

- **Men:** **3,400 mg per day**
- **Women:** **2,600 mg per day**

These amounts are from the **National Academies of Sciences, Engineering, and Medicine** and are cited by the **NIH Office of Dietary Supplements**. During pregnancy, the target is **2,900 mg/day**, and while breastfeeding, **2,800 mg/day**.

People with kidney disease or those taking certain medications should ask a healthcare professional about their potassium intake, since they may need to limit it.",
Q051,A,"Most adults should get a flu shot **once every year**, ideally before flu activity usually increases—often by the **end of October** in the U.S. However, vaccination later in the season can still help as long as flu viruses are circulating.

Annual vaccination is recommended because flu viruses change over time and protection decreases, and the vaccine is updated each season. Some adults—especially those who are pregnant, older, or have certain health conditions—may benefit particularly strongly from vaccination.

In the U.S., the **Centers for Disease Control and Prevention (CDC)** recommends routine annual flu vaccination for everyone aged **6 months and older**, with rare exceptions. Children receiving the vaccine for the first time may need two doses; most adults need only one dose per season.",
Q051,B,"Adults should get a flu shot **once every year**. 

According to the **Centers for Disease Control and Prevention (CDC)** and the **World Health Organization (WHO)**, an annual flu vaccine is recommended for almost everyone 6 months of age and older, with very few exceptions.

Here are the key details you should know:

### 1. Best Time to Get It
The **CDC** recommends getting vaccinated in the early fall, ideally during **September or October**, before flu activity begins to increase in your community. However, getting vaccinated later in the winter is still beneficial.

### 2. Why You Need It Every Year
There are two main reasons an annual shot is necessary:
* **Waning immunity:** A person’s immune protection from vaccination declines over time, so an annual dose is needed for optimal protection.
* **Changing viruses:** Influenza viruses mutate quickly. The vaccine composition is reviewed and updated every year to match the strains expected to circulate during the upcoming flu season.

### 3. Special Considerations for Adults 65 and Older
For adults aged 65 and older, the **CDC’s Advisory Committee on Immunization Practices (ACIP)** specifically recommends choosing a higher-dose or adjuvanted flu vaccine (such as Fluzone High-Dose, Fluad, or Flublok) over standard-dose vaccines, as these provide stronger protection for older immune systems.

---
*Note: If you have severe, life-threatening allergies to any ingredient in a flu vaccine, or have ever had Guillain-Barré Syndrome, consult your healthcare provider before getting vaccinated.*",
Q051,C,"# Flu Shot Frequency for Adults

**Adults should get a flu shot once per year**, ideally before flu season begins (typically by October or November in the Northern Hemisphere).

## Key Points:

- **Timing**: The CDC recommends vaccination from September through October, though getting vaccinated later in the season still offers protection
- **Every year**: A new vaccine is needed each year because flu viruses change constantly
- **Exception**: Some adults over 65 may benefit from higher-dose or adjuvanted flu vaccines, but they still only need one dose annually

## Who Should Get It:

The CDC recommends annual flu vaccination for everyone 6 months and older, with rare exceptions.

## Special Cases:

- **First-time recipients under 9 years old** may need 2 doses (4 weeks apart) in their first year
- **Immunocompromised individuals**: Talk to a doctor about timing and which vaccine is best

If you have specific health conditions or questions about whether the flu shot is right for you, it's best to consult with your healthcare provider.",
Q052,A,"# Shingles Vaccine: Age and Dosage

## Recommended Age

According to the **CDC (Centers for Disease Control and Prevention)**, adults should get the shingles vaccine at **age 50 and older**. It's also recommended for certain adults ages 19-49 who have weakened immune systems.

## Number of Doses

The current recommended vaccine is **Shingrix**, which requires **2 doses**:
- The second dose should be given **2-6 months** after the first dose

## Important Notes

- **Shingrix** is now the preferred vaccine and is more effective than the older vaccine (Zostavax)
- If you previously received Zostavax, you can still get Shingrix (there's no minimum time requirement between them)
- The vaccine is recommended even if you've previously had shingles, since you can get it more than once

Since vaccine recommendations can be updated, I'd recommend discussing your specific situation with your doctor or checking the [CDC's official shingles vaccine page](https://www.cdc.gov/shingles/vaccination.html) for the most current guidance.",https://www.cdc.gov/shingles/vaccination.html
Q052,B,"According to the **Centers for Disease Control and Prevention (CDC)**, adults should get the shingles vaccine—known by the brand name **Shingrix**—based on the following age and dosage guidelines:

* **Adults 50 and older:** Recommended to get **2 doses**, given **2 to 6 months apart**. 
* **Adults 19 and older with weakened immune systems:** Recommended to get **2 doses** if they are immunocompromised due to disease or medical treatments. For this group, the second dose can be given **1 to 2 months** after the first dose.

**Additional details from the CDC:**
* You should get Shingrix even if you have already had shingles in the past, or if you previously received the older shingles vaccine (Zostavax, which is no longer available in the U.S.).
* Shingrix is a non-live vaccine given as a shot in the upper arm and is more than 90% effective at preventing shingles and long-term nerve pain.",
Q052,C,"In the **United States**, the CDC recommends the shingles vaccine (**Shingrix**) for:

- **All adults age 50 and older:** **2 doses**, usually **2–6 months apart**.
- **Adults age 19 and older who are immunocompromised:** **2 doses**, usually **1–2 months apart**. The interval can be extended to 2–6 months if needed.

This recommendation applies even if you’ve had shingles before or previously received the older shingles vaccine, Zostavax. If you’re late for the second dose, you generally **do not need to restart the series**.

**Source:** U.S. Centers for Disease Control and Prevention (CDC), “Shingles Vaccination.”",
Q053,A,"For most healthy adults and children, a normal blood oxygen saturation reading on a pulse oximeter (pulse ox) is between **95% and 100%**. 

Here is a general breakdown of what pulse oximeter readings mean:

*   **95% to 100% (Normal):** According to the **Mayo Clinic**, a reading in this range indicates that your lungs are successfully delivering enough oxygen to your blood and tissues. 
*   **90% to 94% (Below Normal):** This range is lower than average and may indicate a mild drop in oxygen levels (hypoxemia). If your reading falls here, you should retest, monitor your symptoms, and contact a healthcare provider for advice.
*   **Below 90% (Low / Hypoxemia):** The **American Lung Association** states that a reading consistently below 90% is considered low and typically requires medical evaluation. 
*   **Below 85%–88% (Critical):** Readings at this level mean your organs may not be getting enough oxygen, which requires urgent or emergency medical care.

---

### Important Exceptions and Context

*   **People with Chronic Lung Conditions:** For individuals with chronic conditions like COPD (Chronic Obstructive Pulmonary Disease), pulmonary fibrosis, or severe asthma, a ""normal"" or target oxygen level is often lower. Doctors frequently recommend keeping their levels between **88% and 92%**. If you have a lung condition, ask your doctor what your specific target number should be.
*   **Altitude:** Blood oxygen levels naturally drop slightly if you are at high altitudes.

---

### Factors That Can Cause Inaccurate Readings

Pulse oximeters use light to measure oxygen levels in your blood vessels, which means certain factors can lower the accuracy of the device. According to guidance from the **U.S. Food and Drug Administration (FDA)**, these factors include:

*   Cold hands or poor blood circulation in the fingers.
*   Dark nail polish, gel polish, or artificial nails.
*   Excessive movement or shivering during the test.
*   Darker skin pigmentation (studies noted by the FDA show pulse oximeters can sometimes give less accurate readings for people with darker skin tones).

---

### When to Seek Medical Help

Never rely solely on a pulse oximeter reading to evaluate your health. If your pulse ox shows a normal number, but you are experiencing severe symptoms—such as severe shortness of breath, chest pain, confusion, or bluish lips or face—**seek emergency medical attention immediately**.",
Q053,B,"# Normal Blood Oxygen Saturation Levels

A **normal pulse oximetry (SpO2) reading is typically 95-100%** for healthy adults at sea level.

## General Guidelines

- **95-100%**: Normal and healthy
- **90-94%**: Low but may be acceptable depending on the person and circumstances
- **Below 90%**: Generally considered low (hypoxemia) and may require medical attention

## Important Context

**Normal ranges can vary based on:**

- **Age**: Newborns and infants may have slightly different normal ranges
- **Altitude**: People living at high elevations naturally have lower readings
- **Chronic conditions**: People with COPD, heart disease, or lung conditions may have lower baseline readings that are still normal for them
- **Sleep**: Readings naturally dip slightly during sleep

## When to Seek Help

Contact a healthcare provider if you have:
- Consistent readings below 92%
- Sudden drops in your normal reading
- Difficulty breathing along with low readings
- Any concerning symptoms

## Important Note

While pulse oximeters are useful tools, they're not perfect. A reading should be considered alongside how you actually feel and any other symptoms you're experiencing. If you're concerned about your oxygen levels, it's best to consult with your doctor rather than rely solely on a home device.",
Q053,C,"For most healthy people at sea level, a normal **pulse oximeter (SpO₂) reading is about 95%–100%**. The U.S. **MedlinePlus** and **FDA** generally use this range as normal.

General guidance:

- **95%–100%:** Usually normal.
- **92%–94%:** Lower than expected; repeat the reading and contact a healthcare professional if it persists, especially with symptoms.
- **90% or lower:** Potentially serious—seek urgent medical care. Call emergency services immediately if there is severe shortness of breath, chest pain, confusion, bluish lips/face, or extreme weakness.

Readings can normally be lower at high altitude, during sleep, or in people with chronic lung or heart conditions. Such people may have an individualized target from their clinician.

For a more reliable reading, rest for several minutes, warm your hand, remove dark nail polish or artificial nails, keep still, and wait for the number to stabilize. Home pulse oximeters can be inaccurate, and the FDA notes that factors such as poor circulation, skin temperature, nail polish, and skin pigmentation can affect results. A normal number also does not rule out a serious problem if you feel very unwell.",
Q054,A,"An **HDL (“good”) cholesterol level of 60 mg/dL or higher** (about **1.55 mmol/L**) is generally considered **protective or favorable** against heart disease.

For context:

- **Low HDL:** below **40 mg/dL (1.03 mmol/L) in men**
- **Low HDL:** below **50 mg/dL (1.29 mmol/L) in women**
- **60 mg/dL or higher:** considered favorable

These cutoffs are listed by the **National Heart, Lung, and Blood Institute (NHLBI)** and commonly used in cholesterol guidelines. However, HDL is only one part of cardiovascular risk. Very high HDL does not necessarily provide extra protection, and treatments aimed solely at raising HDL have not been shown to reduce heart attacks. LDL cholesterol, blood pressure, diabetes, smoking, and overall risk are usually more important.",
Q054,B,"# HDL Cholesterol Levels for Heart Disease Protection

According to the **American Heart Association (AHA)**, HDL cholesterol levels are categorized as follows:

- **60 mg/dL and higher**: Considered protective against heart disease
- **40-59 mg/dL**: Acceptable
- **Below 40 mg/dL** (men) or **below 50 mg/dL** (women): Low and a risk factor for heart disease

## Key Takeaway

An HDL level of **60 mg/dL or above** is the goal for heart health protection. Higher HDL levels are associated with better cardiovascular health, as this ""good"" cholesterol helps remove other forms of cholesterol from arteries and tissues.

It's worth noting that HDL is just one part of your complete cholesterol picture. Your doctor will typically look at your total cholesterol, LDL (""bad"" cholesterol), triglycerides, and HDL together to assess your overall heart disease risk.",
Q054,C,"An HDL (high-density lipoprotein) cholesterol level of **60 milligrams per deciliter (mg/dL) or higher** is generally considered optimal and protective against heart disease. 

HDL is often called ""good"" cholesterol because it acts like a vascular cleanup crew—it absorbs excess cholesterol in your bloodstream and carries it back to your liver, which removes it from your body.

According to the **American Heart Association (AHA)** and the **Mayo Clinic**, HDL levels are generally categorized as follows:

* **Protective (Best):** **60 mg/dL or higher** for both men and women. Levels in this range actively help lower your risk of heart attack and stroke.
* **Acceptable/Average:** 
  * **40 to 59 mg/dL** for men
  * **50 to 59 mg/dL** for women
* **Low (Risk Factor):** 
  * **Below 40 mg/dL** for men
  * **Below 50 mg/dL** for women
  *(Having a low HDL level increases your risk of heart disease, even if your ""bad"" LDL cholesterol is normal.)*

---

### A Note on ""Extremely High"" HDL
While an HDL level of 60 mg/dL or higher is protective, more recent research highlighted by the **American College of Cardiology** suggests that ""higher isn't always better"" without limit. Very high HDL levels—typically **above 90 to 100 mg/dL**—do not necessarily offer extra protection and, in rare cases, may be linked to a higher risk of heart problems due to genetic variations or dysfunctional HDL particles. 

### How to Raise Your HDL Levels
If your HDL is below 60 mg/dL, lifestyle changes recommended by the **National Heart, Lung, and Blood Institute (NHLBI)** can help raise it:
* **Exercise regularly:** Aim for at least 150 minutes of moderate aerobic exercise per week.
* **Eat healthy fats:** Replace saturated fats with unsaturated fats found in olive oil, avocados, nuts, and fatty fish (like salmon).
* **Quit smoking:** Stopping smoking can rapidly improve your HDL levels.
* **Maintain a healthy weight:** Losing excess body weight, particularly around the abdomen, helps boost HDL.",
Q055,A,"For men in their 70s, the short answer is **usually no for routine screening**, but it comes down to individual health, personal preferences, and a conversation with a doctor. 

Major medical organizations generally recommend against routine Prostate-Specific Antigen (PSA) screening for men 70 and older, primarily because the potential harms of screening often outweigh the potential benefits in this age group.

Here is a breakdown of what the official guidelines say and why.

---

### What Major Medical Organizations Recommend

*   **The U.S. Preventive Services Task Force (USPSTF):** Explicitly recommends **against** routine PSA-based screening for prostate cancer in men aged 70 and older. 
*   **The American Urological Association (AUA):** Does **not** recommend routine PSA screening for men aged 70 and older, or for any man with less than a 10- to 15-year life expectancy. However, they note that a small subset of men in their 70s who are in excellent health *might* consider it after discussing it with their doctor.
*   **The American Cancer Society (ACS):** Recommends that men should only be screened if they have at least a **10-year life expectancy**. Since prostate cancer often grows very slowly, a man must be expected to live at least another decade to potentially benefit from detecting it early.

---

### Why Guidelines Discourage PSA Tests in Men 70+

1. **Prostate cancer usually grows very slowly:** Most prostate cancers found through screening grow so slowly that they will never cause symptoms or become life-threatening. A man in his 70s is far more likely to die *with* prostate cancer than *from* it.
2. **Risk of ""overdiagnosis"" and ""overtreatment"":** A high PSA level often leads to follow-up prostate biopsies, which carry risks of infection, bleeding, and pain. If cancer is found, it often leads to treatments (like surgery or radiation) that can cause permanent side effects, such as urinary incontinence and erectile dysfunction, without actually extending the person's life.

---

### When Might a PSA Test Make Sense in Your 70s?

A doctor might still consider a PSA test for a man in his 70s under specific circumstances:

*   **He is in exceptional health:** If a 72-year-old is in vibrant health with no major medical issues and a family history of longevity, his life expectancy may well exceed 10 to 15 years.
*   **He is at higher risk:** Men of African descent or those with a strong family history of aggressive prostate cancer (e.g., a father or brother diagnosed at a young age) are at higher risk.
*   **He has symptoms:** **Note:** If a man has symptoms—such as difficulty urinating, blood in the urine, or unexplained pelvic/bone pain—a PSA test may be ordered as a *diagnostic* tool to find the cause of the symptom, which is different from routine *screening* in someone with no symptoms.

---

### The Bottom Line

If you or a loved one is in your 70s and considering a PSA test, the best step is to have a **shared decision-making conversation** with a primary care doctor. 

**Questions to ask your doctor:**
* *""Given my overall health, what is my estimated life expectancy?""*
* *""What are my personal risks for prostate cancer?""*
* *""If my PSA comes back elevated, what would our next steps be, and am I prepared to undergo a biopsy or treatment?""*

***Disclaimer:** This information is for educational purposes and should not replace professional medical advice. Always consult with a healthcare provider regarding medical decisions.*",
Q055,B,"# PSA Screening for Men in Their 70s

This is a nuanced question where major health organizations don't recommend routine PSA testing for most men in this age group. Here's what the evidence shows:

## Current Guidelines

**The American Cancer Society** and **U.S. Preventive Services Task Force (USPSTF)** recommend against routine PSA screening for men over 70, citing:
- Limited life expectancy to benefit from treatment
- High rates of false positives leading to unnecessary biopsies
- Overdiagnosis of slow-growing cancers that wouldn't cause harm

## When It Might Be Considered

PSA testing could be discussed individually if a man:
- Is in excellent health with 10+ years of life expectancy
- Has risk factors (family history, African American ancestry)
- Wants to make an informed decision after discussing pros and cons

## The Bottom Line

Rather than routine screening, the emphasis shifts to:
- **Shared decision-making** with your doctor about your personal situation
- Understanding that many prostate cancers grow slowly and may not require treatment
- Weighing quality-of-life impacts of potential treatments

## Next Steps

If you're 70+, talk with your doctor about whether PSA screening makes sense for *your* specific health status, life expectancy, and values—rather than following a one-size-fits-all approach.",
Q055,C,"For most men in their 70s, **routine PSA screening is not recommended**, but the decision can be individualized.

- The **U.S. Preventive Services Task Force (USPSTF)** recommends **against routine PSA-based screening for men age 70 and older**, because the potential benefits are small and harms—false-positive results, biopsies, overdiagnosis, and treatment side effects such as incontinence and erectile dysfunction—become more likely.
- The **American Urological Association (AUA)** similarly discourages routine screening in older men, but says it may be reasonable for some exceptionally healthy men with a life expectancy of more than 10–15 years, after discussing the pros and cons with a clinician.
- The **American Cancer Society** recommends considering life expectancy and overall health rather than age alone.

A man in his 70s might reasonably discuss PSA testing if he is very healthy, expects to live at least another 10 years, has a strong family history of prostate cancer, is Black, carries a relevant genetic mutation such as **BRCA2**, or has previously elevated PSA levels. Screening is generally less useful when serious health conditions limit life expectancy.

PSA testing is different from evaluation of symptoms. **Urinary problems, blood in the urine or semen, bone pain, or unexplained weight loss should be discussed with a clinician regardless of age**; they may require evaluation even if routine screening is not appropriate.

In short: **most men over 70 should not have routine PSA screening, but healthy older men at higher risk may choose testing after shared decision-making with their healthcare professional.**",
